,Date,HC_trend,HC_yhat_lower,HC_yhat_upper,HC_trend_lower,HC_trend_upper,HC_additive_terms,HC_additive_terms_lower,HC_additive_terms_upper,HC_weekly,HC_weekly_lower,HC_weekly_upper,HC_yearly,HC_yearly_lower,HC_yearly_upper,HC_multiplicative_terms,HC_multiplicative_terms_lower,HC_multiplicative_terms_upper,HC_yhat,DET_trend,DET_yhat_lower,DET_yhat_upper,DET_trend_lower,DET_trend_upper,DET_additive_terms,DET_additive_terms_lower,DET_additive_terms_upper,DET_weekly,DET_weekly_lower,DET_weekly_upper,DET_yearly,DET_yearly_lower,DET_yearly_upper,DET_multiplicative_terms,DET_multiplicative_terms_lower,DET_multiplicative_terms_upper,DET_yhat,DETI_ds,DETI_trend,DETI_yhat_lower,DETI_yhat_upper,DETI_trend_lower,DETI_trend_upper,DETI_additive_terms,DETI_additive_terms_lower,DETI_additive_terms_upper,DETI_weekly,DETI_weekly_lower,DETI_weekly_upper,DETI_yearly,DETI_yearly_lower,DETI_yearly_upper,DETI_multiplicative_terms,DETI_multiplicative_terms_lower,DETI_multiplicative_terms_upper,DETI_yhat
0,2014-01-01,49073.91708081267,-10475.187887779972,45270.61445663895,49073.91708081267,49073.91708081267,-31161.343328567567,-31161.343328567567,-31161.343328567567,-9965.185437046255,-9965.185437046255,-9965.185437046255,-21196.15789152131,-21196.15789152131,-21196.15789152131,0.0,0.0,0.0,17912.573752245105,83393.17737110464,22942.112642154458,69039.21036187315,83393.17737110464,83393.17737110464,-36543.70280191769,-36543.70280191769,-36543.70280191769,-3622.2028148177674,-3622.2028148177674,-3622.2028148177674,-32921.49998709991,-32921.49998709991,-32921.49998709991,0.0,0.0,0.0,46849.474569186954,2014-01-01,5215.687536206805,-66.9860472565067,13033.531786011517,5215.687536206805,5215.687536206805,1139.7349222838284,1139.7349222838284,1139.7349222838284,538.2363197470847,538.2363197470847,538.2363197470847,601.4986025367436,601.4986025367436,601.4986025367436,0.0,0.0,0.0,6355.422458490633
1,2014-02-01,49013.52459475215,3975.8653432098963,58916.30103387698,49013.52459475215,49013.52459475215,-17454.78353609257,-17454.78353609257,-17454.78353609257,10607.244153686395,10607.244153686395,10607.244153686395,-28062.02768977897,-28062.02768977897,-28062.02768977897,0.0,0.0,0.0,31558.741058659576,83545.02147395702,34772.39865174729,81681.19124045651,83545.02147395702,83545.02147395702,-25863.610661917497,-25863.610661917497,-25863.610661917497,-524.0176765324527,-524.0176765324527,-524.0176765324527,-25339.59298538504,-25339.59298538504,-25339.59298538504,0.0,0.0,0.0,57681.410812039525,2014-02-01,5417.214470620382,-2090.6109761332805,11495.58145640038,5417.214470620382,5417.214470620382,-967.7646711934437,-967.7646711934437,-967.7646711934437,212.77268169708003,212.77268169708003,212.77268169708003,-1180.5373528905238,-1180.5373528905238,-1180.5373528905238,0.0,0.0,0.0,4449.449799426938
2,2014-03-01,48958.97654282652,-7002.885546200314,44336.506787853104,48958.97654282652,48958.97654282652,-29535.12023300333,-29535.12023300333,-29535.12023300333,10607.244153689728,10607.244153689728,10607.244153689728,-40142.36438669306,-40142.36438669306,-40142.36438669306,0.0,0.0,0.0,19423.856309823186,83682.1709862108,31568.725833769062,81653.72906483104,83682.1709862108,83682.1709862108,-28015.012702639553,-28015.012702639553,-28015.012702639553,-524.0176765376939,-524.0176765376939,-524.0176765376939,-27490.995026101864,-27490.995026101864,-27490.995026101864,0.0,0.0,0.0,55667.15828357125,2014-03-01,5599.238798477805,-3790.9003480981996,10108.596739546527,5599.238798477805,5599.238798477805,-2543.9035511384623,-2543.9035511384623,-2543.9035511384623,212.77268169668892,212.77268169668892,212.77268169668892,-2756.676232835151,-2756.676232835151,-2756.676232835151,0.0,0.0,0.0,3055.335247339343
3,2014-04-01,48898.58405657773,-14816.017392272059,39392.214778773945,48898.58405657773,48898.58405657773,-35955.84204380642,-35955.84204380642,-35955.84204380642,5470.407967164944,5470.407967164944,5470.407967164944,-41426.250010971366,-41426.250010971366,-41426.250010971366,0.0,0.0,0.0,12942.742012771312,83834.01509004894,37704.89361389107,89518.23850871834,83834.01509004894,83834.01509004894,-21232.195617860176,-21232.195617860176,-21232.195617860176,-7911.308334123731,-7911.308334123731,-7911.308334123731,-13320.887283736443,-13320.887283736443,-13320.887283736443,0.0,0.0,0.0,62601.81947218876,2014-04-01,5800.76573284207,-6705.587846519313,6217.107020377621,5800.76573284207,5800.76573284207,-6153.24227837359,-6153.24227837359,-6153.24227837359,-862.5944713707644,-862.5944713707644,-862.5944713707644,-5290.647807002825,-5290.647807002825,-5290.647807002825,0.0,0.0,0.0,-352.47654553152006
4,2014-05-01,48840.139715046644,-13681.787490403374,39536.26005706117,48840.139715046644,48840.139715046644,-35799.57433183643,-35799.57433183643,-35799.57433183643,-1639.3490903890806,-1639.3490903890806,-1639.3490903890806,-34160.22524144735,-34160.22524144735,-34160.22524144735,0.0,0.0,0.0,13040.56538321021,83980.96099698907,65531.02660227605,114233.36049298086,83980.96099698907,83980.96099698907,6009.005846698649,6009.005846698649,6009.005846698649,-6115.498818888049,-6115.498818888049,-6115.498818888049,12124.504665586697,12124.504665586697,12124.504665586697,0.0,0.0,0.0,89989.96684368773,2014-05-01,5995.791798355875,-8680.267723755964,4281.761366217539,5995.791798355875,5995.791798355875,-8530.960395854298,-8530.960395854298,-8530.960395854298,-1540.2975475399144,-1540.2975475399144,-1540.2975475399144,-6990.662848314383,-6990.662848314383,-6990.662848314383,0.0,0.0,0.0,-2535.168597498423
5,2014-06-01,48779.74722860588,62742.73399273004,118986.33197588884,48779.74722860588,48779.74722860588,42106.54911032176,42106.54911032176,42106.54911032176,212.51644211142522,212.51644211142522,212.51644211142522,41894.03266821034,41894.03266821034,41894.03266821034,0.0,0.0,0.0,90886.29633892764,84132.80510421317,49763.53593300131,98704.5525467159,84132.80510421317,84132.80510421317,-9514.421433385152,-9514.421433385152,-9514.421433385152,57.50870181841765,57.50870181841765,57.50870181841765,-9571.930135203573,-9571.930135203573,-9571.930135203573,0.0,0.0,0.0,74618.38367082801,2014-06-01,6197.318732078737,-6569.413124978346,6401.725775780427,6197.318732078737,6197.318732078737,-5953.5212290613335,-5953.5212290613335,-5953.5212290613335,218.61395133847364,218.61395133847364,218.61395133847364,-6172.135180399807,-6172.135180399807,-6172.135180399807,0.0,0.0,0.0,243.79750301740387
6,2014-07-01,48721.302886888996,93677.85032785132,150594.8379319263,48721.302886888996,48721.302886888996,73150.68940013005,73150.68940013005,73150.68940013005,5470.407967165155,5470.407967165155,5470.407967165155,67680.28143296488,67680.28143296488,67680.28143296488,0.0,0.0,0.0,121871.99228701905,84279.75101443005,37829.04130439301,84576.31401978503,84279.75101443005,84279.75101443005,-22436.532401499404,-22436.532401499404,-22436.532401499404,-7911.308334115795,-7911.308334115795,-7911.308334115795,-14525.22406738361,-14525.22406738361,-14525.22406738361,0.0,0.0,0.0,61843.21861293064,2014-07-01,6392.34479697183,-7384.888584086004,5955.649868447828,6392.34479697183,6392.34479697183,-7031.46779957327,-7031.46779957327,-7031.46779957327,-862.5944713704097,-862.5944713704097,-862.5944713704097,-6168.873328202862,-6168.873328202862,-6168.873328202862,0.0,0.0,0.0,-639.12300260144
7,2014-08-01,48660.91040022781,45885.733223645395,99447.33107090174,48660.91040022781,48660.91040022781,23951.80258754631,23951.80258754631,23951.80258754631,-6826.216798030102,-6826.216798030102,-6826.216798030102,30778.019385576412,30778.019385576412,30778.019385576412,0.0,0.0,0.0,72612.71298777412,84431.59512151047,86683.7778585565,135744.00985620572,84431.59512151047,84431.59512151047,25862.685202528268,25862.685202528268,25862.685202528268,4532.547295522521,4532.547295522521,4532.547295522521,21330.137907005745,21330.137907005745,21330.137907005745,0.0,0.0,0.0,110294.28032403874,2014-08-01,6593.871731307438,-821.5303929314914,12112.536515550248,6593.871731307438,6593.871731307438,-963.6607241034505,-963.6607241034505,-963.6607241034505,514.4175602741545,514.4175602741545,514.4175602741545,-1478.078284377605,-1478.078284377605,-1478.078284377605,0.0,0.0,0.0,5630.211007203987
8,2014-09-01,48600.517913566626,70529.4359497367,123099.57013205558,48600.517913566626,48600.517913566626,47265.14785412699,47265.14785412699,47265.14785412699,2140.582762601442,2140.582762601442,2140.582762601442,45124.56509152554,45124.56509152554,45124.56509152554,0.0,0.0,0.0,95865.66576769362,84583.43922859091,136606.503509144,185863.91572235923,84583.43922859091,84583.43922859091,77172.83835398538,77172.83835398538,77172.83835398538,13582.971647045206,13582.971647045206,13582.971647045206,63589.86670694017,63589.86670694017,63589.86670694017,0.0,0.0,0.0,161756.2775825763,2014-09-01,6795.398665643043,10391.953747276155,23134.133068593732,6795.398665643043,6795.398665643043,9915.481702701247,9915.481702701247,9915.481702701247,918.8515058517481,918.8515058517481,918.8515058517481,8996.630196849499,8996.630196849499,8996.630196849499,0.0,0.0,0.0,16710.88036834429
9,2014-10-01,48542.07357157939,52778.285613588094,105662.54041266777,48542.07357157939,48542.07357157939,31844.356860414515,31844.356860414515,31844.356860414515,-9965.185437045404,-9965.185437045404,-9965.185437045404,41809.54229745991,41809.54229745991,41809.54229745991,0.0,0.0,0.0,80386.43043199391,84730.38513441996,84437.0743749006,133250.74701855076,84730.38513441996,84730.38513441996,23458.98813939907,23458.98813939907,23458.98813939907,-3622.2028148155296,-3622.2028148155296,-3622.2028148155296,27081.190954214602,27081.190954214602,27081.190954214602,0.0,0.0,0.0,108189.37327381903,2014-10-01,6990.424731503472,11535.34971505242,24251.1154156211,6990.424731503472,6990.424731503472,11137.93583806004,11137.93583806004,11137.93583806004,538.2363197469293,538.2363197469293,538.2363197469293,10599.69951831311,10599.69951831311,10599.69951831311,0.0,0.0,0.0,18128.360569563512
10,2014-11-01,48481.68108485924,53864.3230261222,105585.08394730784,48481.68108485924,48481.68108485924,31940.589034715635,31940.589034715635,31940.589034715635,10607.244153691563,10607.244153691563,10607.244153691563,21333.344881024077,21333.344881024077,21333.344881024077,0.0,0.0,0.0,80422.27011957488,84882.22923710998,79135.65393006429,128241.3293421736,84882.22923710998,84882.22923710998,18428.242222597815,18428.242222597815,18428.242222597815,-524.0176765410959,-524.0176765410959,-524.0176765410959,18952.25989913891,18952.25989913891,18952.25989913891,0.0,0.0,0.0,103310.4714597078,2014-11-01,7191.951666225916,8071.132309367662,21238.28239392968,7191.951666225916,7191.951666225916,7889.767102651558,7889.767102651558,7889.767102651558,212.7726816968405,212.7726816968405,212.7726816968405,7676.9944209547175,7676.9944209547175,7676.9944209547175,0.0,0.0,0.0,15081.718768877474
11,2014-12-01,48423.23674287201,20641.10405153806,74736.99033535208,48423.23674287201,48423.23674287201,-1949.7948831295564,-1949.7948831295564,-1949.7948831295564,2140.5827626025093,2140.5827626025093,2140.5827626025093,-4090.377645732066,-4090.377645732066,-4090.377645732066,0.0,0.0,0.0,46473.44185974245,85029.17514293901,66293.75539846189,113593.9717177542,85029.17514293901,85029.17514293901,4128.8714701736935,4128.8714701736935,4128.8714701736935,13582.971647045702,13582.971647045702,13582.971647045702,-9454.100176872009,-9454.100176872009,-9454.100176872009,0.0,0.0,0.0,89158.0466131127,2014-12-01,7386.977732086345,4581.012911447125,17924.714716881386,7386.977732086345,7386.977732086345,3670.310719507707,3670.310719507707,3670.310719507707,918.8515058516041,918.8515058516041,918.8515058516041,2751.4592136561023,2751.4592136561023,2751.4592136561023,0.0,0.0,0.0,11057.288451594051
12,2015-01-01,48362.84425608137,-6701.345526032669,46319.825175674836,48362.84425608137,48362.84425608137,-30919.52479623503,-30919.52479623503,-30919.52479623503,-1639.349090391091,-1639.349090391091,-1639.349090391091,-29280.175705843936,-29280.175705843936,-29280.175705843936,0.0,0.0,0.0,17443.31945984634,85181.01924221315,20339.992690018404,69289.69929303709,85181.01924221315,85181.01924221315,-40381.945126412626,-40381.945126412626,-40381.945126412626,-6115.498818894871,-6115.498818894871,-6115.498818894871,-34266.446307517755,-34266.446307517755,-34266.446307517755,0.0,0.0,0.0,44799.074115800526,2015-01-01,7588.504667625096,55.74142607277111,13694.07578982812,7588.504667625096,7588.504667625096,-766.2196327829098,-766.2196327829098,-766.2196327829098,-1540.2975475401452,-1540.2975475401452,-1540.2975475401452,774.0779147572355,774.0779147572355,774.0779147572355,0.0,0.0,0.0,6822.285034842186
13,2015-02-01,48302.45176929073,-13611.395516317058,39417.62955298976,48302.45176929073,48302.45176929073,-35732.32292378078,-35732.32292378078,-35732.32292378078,212.51644206734593,212.51644206734593,212.51644206734593,-35944.83936584813,-35944.83936584813,-35944.83936584813,0.0,0.0,0.0,12570.12884550995,85332.86334148727,34081.325670954146,80028.49137129646,85332.86334148727,85332.86334148727,-29673.257095472745,-29673.257095472745,-29673.257095472745,57.50870185247884,57.50870185247884,57.50870185247884,-29730.765797325224,-29730.765797325224,-29730.765797325224,0.0,0.0,0.0,55659.60624601453,2015-02-01,7790.031603163848,632.7326847768977,13020.218668620684,7790.031603163848,7790.031603163848,-741.9084388263889,-741.9084388263889,-741.9084388263889,218.6139513458775,218.6139513458775,218.6139513458775,-960.5223901722665,-960.5223901722665,-960.5223901722665,0.0,0.0,0.0,7048.123164337459
14,2015-03-01,48247.903716566936,-18612.651610977708,35752.606709312975,48247.903716566936,48247.903716566936,-39516.871398926596,-39516.871398926596,-39516.871398926596,212.51644206689576,212.51644206689576,212.51644206689576,-39729.387840993484,-39729.387840993484,-39729.387840993484,0.0,0.0,0.0,8731.03231764034,85470.01284722498,36237.42054330026,83943.9049286496,85470.01284722498,85470.01284722498,-25447.295436213648,-25447.295436213648,-25447.295436213648,57.50870184609488,57.50870184609488,57.50870184609488,-25504.804138059753,-25504.804138059753,-25504.804138059753,0.0,0.0,0.0,60022.71741101133,2015-03-01,7972.130503205636,546.8248846992597,13370.698107162481,7972.130503205636,7972.130503205636,-914.615587076593,-914.615587076593,-914.615587076593,218.6139513466728,218.6139513466728,218.6139513466728,-1133.229538423266,-1133.229538423266,-1133.229538423266,0.0,0.0,0.0,7057.514916129043
15,2015-04-01,48187.51122962274,-27109.69784538547,26200.288002745026,48187.51122962274,48187.51122962274,-48439.99900177784,-48439.99900177784,-48439.99900177784,-9965.185437079632,-9965.185437079632,-9965.185437079632,-38474.813564698205,-38474.813564698205,-38474.813564698205,0.0,0.0,0.0,-252.487772155102,85621.85694286313,51827.91028229715,100275.28270471294,85621.85694286313,85621.85694286313,-9709.21736061492,-9709.21736061492,-9709.21736061492,-3622.202814828395,-3622.202814828395,-3622.202814828395,-6087.0145457865265,-6087.0145457865265,-6087.0145457865265,0.0,0.0,0.0,75912.63958224822,2015-04-01,8173.739999680473,-3920.5265867816925,9227.443318737274,8173.739999680473,8173.739999680473,-5330.284589741694,-5330.284589741694,-5330.284589741694,538.2363197464643,538.2363197464643,538.2363197464643,-5868.520909488158,-5868.520909488158,-5868.520909488158,0.0,0.0,0.0,2843.4554099387797
16,2015-05-01,48129.06688728917,-14556.85343275943,40342.63905225966,48129.06688728917,48129.06688728917,-35081.92926715515,-35081.92926715515,-35081.92926715515,-6826.216798036021,-6826.216798036021,-6826.216798036021,-28255.71246911913,-28255.71246911913,-28255.71246911913,0.0,0.0,0.0,13047.137620134017,85768.80283927836,69909.85964521398,119574.725148691,85768.80283927836,85768.80283927836,9244.091174303914,9244.091174303914,9244.091174303914,4532.547295488846,4532.547295488846,4532.547295488846,4711.543878815069,4711.543878815069,4711.543878815069,0.0,0.0,0.0,95012.89401358228,2015-05-01,8368.859755513296,-6033.691120020143,7267.843608054458,8368.859755513296,8368.859755513296,-7712.140302789972,-7712.140302789972,-7712.140302789972,514.4175602679471,514.4175602679471,514.4175602679471,-8226.55786305792,-8226.55786305792,-8226.55786305792,0.0,0.0,0.0,656.7194527233241
17,2015-06-01,48068.67440021116,73517.60259896923,127567.28843864052,48068.67440021116,48068.67440021116,51592.24080516601,51592.24080516601,51592.24080516601,2140.5827625559523,2140.5827625559523,2140.5827625559523,49451.65804261006,49451.65804261006,49451.65804261006,0.0,0.0,0.0,99660.91520537717,85920.64693224075,65753.16599235259,113618.46929204222,85920.64693224075,85920.64693224075,4203.096833456215,4203.096833456215,4203.096833456215,13582.971647070426,13582.971647070426,13582.971647070426,-9379.87481361421,-9379.87481361421,-9379.87481361421,0.0,0.0,0.0,90123.74376569697,2015-06-01,8570.483503207211,-3588.8415160205964,9499.160006588872,8570.483503207211,8570.483503207211,-5622.835935299735,-5622.835935299735,-5622.835935299735,918.8515058569848,918.8515058569848,918.8515058569848,-6541.6874411567205,-6541.6874411567205,-6541.6874411567205,0.0,0.0,0.0,2947.6475679074765
18,2015-07-01,48010.230057704204,76632.37519413538,129317.2462807791,48010.230057704204,48010.230057704204,53827.084823853744,53827.084823853744,53827.084823853744,-9965.185437073782,-9965.185437073782,-9965.185437073782,63792.27026092753,63792.27026092753,63792.27026092753,0.0,0.0,0.0,101837.31488155795,86067.59283135076,40166.820598835555,89034.74838355799,86067.59283135076,86067.59283135076,-21322.272669298636,-21322.272669298636,-21322.272669298636,-3622.2028148284426,-3622.2028148284426,-3622.2028148284426,-17700.069854470188,-17700.069854470188,-17700.069854470188,0.0,0.0,0.0,64745.32016205213,2015-07-01,8765.825643406406,-3971.6578050822427,9097.953923139958,8765.825643406406,8765.825643406406,-5795.941869538407,-5795.941869538407,-5795.941869538407,538.2363197467395,538.2363197467395,538.2363197467395,-6334.178189285148,-6334.178189285148,-6334.178189285148,0.0,0.0,0.0,2969.8837738679986
19,2015-08-01,47949.83757044703,49603.89207694907,100700.23193239672,47949.83757044703,47949.83757044703,28073.13540248005,28073.13540248005,28073.13540248005,10607.244153694452,10607.244153694452,10607.244153694452,17465.89124878559,17465.89124878559,17465.89124878559,0.0,0.0,0.0,76022.97297292708,86219.43692709778,89232.3550610349,136882.20922184267,86219.43692709778,86219.43692709778,26654.02160476287,26654.02160476287,26654.02160476287,-524.0176765442645,-524.0176765442645,-524.0176765442645,27178.039281307138,27178.039281307138,27178.039281307138,0.0,0.0,0.0,112873.45853186064,2015-08-01,8967.679188278904,2377.498430044942,15737.60313483666,8967.679188278904,8967.679188278904,-36.08650788478521,-36.08650788478521,-36.08650788478521,212.772681695522,212.772681695522,212.772681695522,-248.8591895803072,-248.8591895803072,-248.8591895803072,0.0,0.0,0.0,8931.592680394118
20,2015-09-01,47889.44508318067,63848.66778539505,116358.53644131665,47889.44508318067,47889.44508318067,41369.767377879325,41369.767377879325,41369.767377879325,5470.4079671159125,5470.4079671159125,5470.4079671159125,35899.35941076341,35899.35941076341,35899.35941076341,0.0,0.0,0.0,89259.21246106,86371.28102338794,119902.43882488103,169205.84376506603,86371.28102338794,86371.28102338794,58948.7288556736,58948.7288556736,58948.7288556736,-7911.308334114705,-7911.308334114705,-7911.308334114705,66860.03718978832,66860.03718978832,66860.03718978832,0.0,0.0,0.0,145320.00987906154,2015-09-01,9169.598066505008,11217.091885521791,25204.197417013293,9169.598066505008,9169.598066505008,8693.351272898115,8693.351272898115,8693.351272898115,-862.5944713670503,-862.5944713670503,-862.5944713670503,9555.945744265166,9555.945744265166,9555.945744265166,0.0,0.0,0.0,17862.949339403123
21,2015-10-01,47831.00074066483,72859.91041477241,126573.26395627056,47831.00074066483,47831.00074066483,51274.93009570459,51274.93009570459,51274.93009570459,-1639.349090391284,-1639.349090391284,-1639.349090391284,52914.27918609588,52914.27918609588,52914.27918609588,0.0,0.0,0.0,99105.93083636943,86518.22692302358,74988.48040774172,123718.17391028837,86518.22692302358,86518.22692302358,13746.83681979811,13746.83681979811,13746.83681979811,-6115.498818895541,-6115.498818895541,-6115.498818895541,19862.33563869365,19862.33563869365,19862.33563869365,0.0,0.0,0.0,100265.06374282169,2015-10-01,9365.00343253027,11815.834381160912,25277.20107842193,9365.00343253027,9365.00343253027,9195.264729824647,9195.264729824647,9195.264729824647,-1540.2975475404633,-1540.2975475404633,-1540.2975475404633,10735.562277365108,10735.562277365108,10735.562277365108,0.0,0.0,0.0,18560.268162354914
22,2015-11-01,47770.60825353612,56097.96265351172,109120.93521176245,47770.60825353612,47770.60825353612,33916.05960364333,33916.05960364333,33916.05960364333,212.51644206086692,212.51644206086692,212.51644206086692,33703.54316158245,33703.54316158245,33703.54316158245,0.0,0.0,0.0,81686.66785717945,86670.07101787892,83871.97259757067,130568.17333853956,86670.07101787892,86670.07101787892,19089.325727788608,19089.325727788608,19089.325727788608,57.50870186002476,57.50870186002476,57.50870186002476,19031.817025928583,19031.817025928583,19031.817025928583,0.0,0.0,0.0,105759.39674566753,2015-11-01,9567.225649489206,9888.734677920578,22645.134582560702,9567.225649489206,9567.225649489206,6752.597882197965,6752.597882197965,6752.597882197965,218.6139513466946,218.6139513466946,218.6139513466946,6533.98393085127,6533.98393085127,6533.98393085127,0.0,0.0,0.0,16319.823531687172
23,2015-12-01,47712.1639111535,23909.19641904175,78304.89165892669,47712.1639111535,47712.1639111535,3472.5086943348165,3472.5086943348165,3472.5086943348165,5470.40796715231,5470.40796715231,5470.40796715231,-1997.899272817494,-1997.899272817494,-1997.899272817494,0.0,0.0,0.0,51184.67260548831,86817.016916126,50123.1994298291,100579.6261204975,86817.016916126,86817.016916126,-11960.06255879568,-11960.06255879568,-11960.06255879568,-7911.30833413927,-7911.30833413927,-7911.30833413927,-4048.7542246564085,-4048.7542246564085,-4048.7542246564085,0.0,0.0,0.0,74856.95435733032,2015-12-01,9762.924569126884,5001.670386315036,17468.869398041574,9762.924569126884,9762.924569126884,1218.249733039174,1218.249733039174,1218.249733039174,-862.5944713706377,-862.5944713706377,-862.5944713706377,2080.8442044098115,2080.8442044098115,2080.8442044098115,0.0,0.0,0.0,10981.174302166059
24,2016-01-01,47651.77142380835,-26415.57227876005,31182.94496544165,47651.77142380835,47651.77142380835,-44432.592991547295,-44432.592991547295,-44432.592991547295,-6826.216798022283,-6826.216798022283,-6826.216798022283,-37606.37619352502,-37606.37619352502,-37606.37619352502,0.0,0.0,0.0,3219.1784322610547,86968.86100828333,32855.77161812639,78594.84071438816,86968.86100828333,86968.86100828333,-31187.06686500166,-31187.06686500166,-31187.06686500166,4532.5472954870565,4532.5472954870565,4532.5472954870565,-35719.61416048871,-35719.61416048871,-35719.61416048871,0.0,0.0,0.0,55781.79414328167,2016-01-01,9965.53685476204,4882.174316893149,18219.501144118454,9965.53685476204,9965.53685476204,1490.0587433342585,1490.0587433342585,1490.0587433342585,514.4175602691453,514.4175602691453,514.4175602691453,975.6411830651132,975.6411830651132,975.6411830651132,0.0,0.0,0.0,11455.595598096299
25,2016-02-01,47591.37893646321,-20840.600293976495,32793.59774970594,47591.37893646321,47591.37893646321,-41622.1870478341,-41622.1870478341,-41622.1870478341,2140.582762608555,2140.582762608555,2140.582762608555,-43762.76981044266,-43762.76981044266,-43762.76981044266,0.0,0.0,0.0,5969.19188862911,87120.70510044064,43034.2223670707,90893.57995709994,87120.70510044064,87120.70510044064,-20505.463565975337,-20505.463565975337,-20505.463565975337,13582.9716470422,13582.9716470422,13582.9716470422,-34088.43521301754,-34088.43521301754,-34088.43521301754,0.0,0.0,0.0,66615.2415344653,2016-02-01,10168.149140397192,4014.720482612766,17328.857246263917,10168.149140397192,10168.149140397192,203.53421849326045,203.53421849326045,203.53421849326045,918.8515058509109,918.8515058509109,918.8515058509109,-715.3172873576506,-715.3172873576506,-715.3172873576506,0.0,0.0,0.0,10371.683358890452
26,2016-03-01,47534.88273867522,-14519.413441419494,41340.30115903143,47534.88273867522,47534.88273867522,-34797.12153658506,-34797.12153658506,-34797.12153658506,5470.4079671525205,5470.4079671525205,5470.4079671525205,-40267.52950373758,-40267.52950373758,-40267.52950373758,0.0,0.0,0.0,12737.761202090158,87263.60506487513,22822.661849361226,71880.67762062089,87263.60506487513,87263.60506487513,-39003.012137687714,-39003.012137687714,-39003.012137687714,-7911.308334131335,-7911.308334131335,-7911.308334131335,-31091.70380355639,-31091.70380355639,-31091.70380355639,0.0,0.0,0.0,48260.59292718741,2016-03-01,10358.051635036807,-3527.7187892353904,10274.265641400518,10358.051635036807,10358.051635036807,-6935.275283451071,-6935.275283451071,-6935.275283451071,-862.594471370283,-862.594471370283,-862.594471370283,-6072.680812080789,-6072.680812080789,-6072.680812080789,0.0,0.0,0.0,3422.776351585736
27,2016-04-01,47474.490251384595,-32980.03559794544,20612.843704038634,47474.490251384595,47474.490251384595,-53614.0064763851,-53614.0064763851,-53614.0064763851,-6826.216798016092,-6826.216798016092,-6826.216798016092,-46787.789678369,-46787.789678369,-46787.789678369,0.0,0.0,0.0,-6139.516225000501,87416.36019927061,40335.512177110984,87120.70862116852,87416.36019927061,87416.36019927061,-23576.12200375015,-23576.12200375015,-23576.12200375015,4532.547295447414,4532.547295447414,4532.547295447414,-28108.669299197565,-28108.669299197565,-28108.669299197565,0.0,0.0,0.0,63840.23819552046,2016-04-01,10561.050853444669,231.0631654917066,13748.254141216405,10561.050853444669,10561.050853444669,-3762.767997030907,-3762.767997030907,-3762.767997030907,514.4175602632687,514.4175602632687,514.4175602632687,-4277.185557294176,-4277.185557294176,-4277.185557294176,0.0,0.0,0.0,6798.282856413762
28,2016-05-01,47416.045908845284,-25342.459828155148,29472.40715823521,47416.045908845284,47416.045908845284,-45621.21490009413,-45621.21490009413,-45621.21490009413,212.5164421053419,212.5164421053419,212.5164421053419,-45833.73134219948,-45833.73134219948,-45833.73134219948,0.0,0.0,0.0,1794.8310087511563,87564.1877486856,89922.49906559873,138687.6186156512,87564.1877486856,87564.1877486856,26654.76451701922,26654.76451701922,26654.76451701922,57.508701815139126,57.508701815139126,57.508701815139126,26597.25581520408,26597.25581520408,26597.25581520408,0.0,0.0,0.0,114218.95226570481,2016-05-01,10757.501709968406,66.03849934534861,13410.250378648418,10757.501709968406,10757.501709968406,-4310.215905980397,-4310.215905980397,-4310.215905980397,218.61395134034817,218.61395134034817,218.61395134034817,-4528.829857320746,-4528.829857320746,-4528.829857320746,0.0,0.0,0.0,6447.285803988009
29,2016-06-01,47355.653421665884,39438.011325881256,90076.15351673031,47355.653421665884,47355.653421665884,16101.73097232461,16101.73097232461,16101.73097232461,-9965.185437049611,-9965.185437049611,-9965.185437049611,26066.91640937422,26066.91640937422,26066.91640937422,0.0,0.0,0.0,63457.38439399049,87716.945981415,51775.8070341452,97754.5478601751,87716.945981415,87716.945981415,-13417.000156360747,-13417.000156360747,-13417.000156360747,-3622.202814811153,-3622.202814811153,-3622.202814811153,-9794.797341549593,-9794.797341549593,-9794.797341549593,0.0,0.0,0.0,74299.94582505425,2016-06-01,10960.813901018559,-160.5379194899718,12338.792062879784,10960.813901018559,10960.813901018559,-4827.381749207125,-4827.381749207125,-4827.381749207125,538.2363197463533,538.2363197463533,538.2363197463533,-5365.6180689534785,-5365.6180689534785,-5365.6180689534785,0.0,0.0,0.0,6133.432151811434
30,2016-07-01,47297.20907923419,88475.75247059898,141955.22343411355,47297.20907923419,47297.20907923419,67490.32167966927,67490.32167966927,67490.32167966927,-6826.216798034391,-6826.216798034391,-6826.216798034391,74316.53847770365,74316.53847770365,74316.53847770365,0.0,0.0,0.0,114787.53075890346,87864.77652921765,60385.3901014164,107932.76947898073,87864.77652921765,87864.77652921765,-3276.3924550481383,-3276.3924550481383,-3276.3924550481383,4532.547295493024,4532.547295493024,4532.547295493024,-7808.939750541161,-7808.939750541161,-7808.939750541161,0.0,0.0,0.0,84588.38407416952,2016-07-01,11157.567634292902,-725.3428850907462,12669.490750648756,11157.567634292902,11157.567634292902,-5218.66043568912,-5218.66043568912,-5218.66043568912,514.4175602688144,514.4175602688144,514.4175602688144,-5733.077995957934,-5733.077995957934,-5733.077995957934,0.0,0.0,0.0,5938.907198603782
31,2016-08-01,47236.81659233415,78821.1509074418,134289.69434861545,47236.81659233415,47236.81659233415,59375.20404568187,59375.20404568187,59375.20404568187,2140.58276261069,2140.58276261069,2140.58276261069,57234.62128307119,57234.62128307119,57234.62128307119,0.0,0.0,0.0,106612.02063801602,88018.29146458553,86657.42778229559,136435.56660582175,88018.29146458553,88018.29146458553,23438.76585865186,23438.76585865186,23438.76585865186,13582.971647043196,13582.971647043196,13582.971647043196,9855.794211608667,9855.794211608667,9855.794211608667,0.0,0.0,0.0,111457.05732323739,2016-08-01,11361.073241461396,1840.7717560889466,15006.371424172892,11361.073241461396,11361.073241461396,-2967.9239981092423,-2967.9239981092423,-2967.9239981092423,918.851505850623,918.851505850623,918.851505850623,-3886.7755039598655,-3886.7755039598655,-3886.7755039598655,0.0,0.0,0.0,8393.149243352153
32,2016-09-01,47176.4241054341,82836.10367308356,137406.5606137799,47176.4241054341,47176.4241054341,63138.268632347754,63138.268632347754,63138.268632347754,-1639.3490903894426,-1639.3490903894426,-1639.3490903894426,64777.6177227372,64777.6177227372,64777.6177227372,0.0,0.0,0.0,110314.69273778185,88171.80639995344,115525.09623679247,160684.31703462658,88171.80639995344,88171.80639995344,50411.02477434725,50411.02477434725,50411.02477434725,-6115.4988188893,-6115.4988188893,-6115.4988188893,56526.52359323656,56526.52359323656,56526.52359323656,0.0,0.0,0.0,138582.8311743007,2016-09-01,11564.578848629888,11031.747146504838,23950.677042227187,11564.578848629888,11564.578848629888,6274.492355616971,6274.492355616971,6274.492355616971,-1540.2975475405085,-1540.2975475405085,-1540.2975475405085,7814.78990315748,7814.78990315748,7814.78990315748,0.0,0.0,0.0,17839.07120424686
33,2016-10-01,47118.113885984545,52971.82205661141,104176.40398092089,47118.113885984545,47118.113885984545,31330.40961699715,31330.40961699715,31330.40961699715,10607.244153698213,10607.244153698213,10607.244153698213,20723.16546329894,20723.16546329894,20723.16546329894,0.0,0.0,0.0,78448.5235029817,88322.20736092424,106829.64946253943,152195.55432905856,88322.20736092424,88322.20736092424,40866.10976591789,40866.10976591789,40866.10976591789,-524.0176765497798,-524.0176765497798,-524.0176765497798,41390.127442467674,41390.127442467674,41390.127442467674,0.0,0.0,0.0,129188.31712684213,2016-10-01,11761.536457238079,16090.052345307779,29034.11192132416,11761.536457238079,11761.536457238079,10430.83648239392,10430.83648239392,10430.83648239392,212.77268169479458,212.77268169479458,212.77268169479458,10218.063800699125,10218.063800699125,10218.063800699125,0.0,0.0,0.0,22192.372939631998
34,2016-11-01,47057.859992553334,23835.549767705605,76111.50710777837,47057.859992553334,47057.859992553334,1800.431305805674,1800.431305805674,1800.431305805674,5470.407967109913,5470.407967109913,5470.407967109913,-3669.9766613042398,-3669.9766613042398,-3669.9766613042398,0.0,0.0,0.0,48858.29129835901,88477.62168726073,76513.68925096247,124448.40115695143,88477.62168726073,88477.62168726073,11294.770459727599,11294.770459727599,11294.770459727599,-7911.3083341183765,-7911.3083341183765,-7911.3083341183765,19206.078793845976,19206.078793845976,19206.078793845976,0.0,0.0,0.0,99772.39214698834,2016-11-01,11965.059319466542,15028.078160525685,27775.271893438836,11965.059319466542,11965.059319466542,9044.423220411521,9044.423220411521,9044.423220411521,-862.594471366818,-862.594471366818,-862.594471366818,9907.017691778341,9907.017691778341,9907.017691778341,0.0,0.0,0.0,21009.482539878063
35,2016-12-01,46999.54977340846,7062.884624789354,63285.103253521986,46999.54977340846,46999.54977340846,-11073.522381589222,-11073.522381589222,-11073.522381589222,-1639.3490903914642,-1639.3490903914642,-1639.3490903914642,-9434.173291197756,-9434.173291197756,-9434.173291197756,0.0,0.0,0.0,35926.02739181923,88628.70338952505,39394.97193296951,87273.6426225651,88628.70338952505,88628.70338952505,-26414.78445683475,-26414.78445683475,-26414.78445683475,-6115.498818896167,-6115.498818896167,-6115.498818896167,-20299.285637938578,-20299.285637938578,-20299.285637938578,0.0,0.0,0.0,62213.9189326903,2016-12-01,12162.24197412562,7890.0452314617305,21573.471295899046,12162.24197412562,12162.24197412562,2622.429315794813,2622.429315794813,2622.429315794813,-1540.2975475407602,-1540.2975475407602,-1540.2975475407602,4162.726863335573,4162.726863335573,4162.726863335573,0.0,0.0,0.0,14784.671289920432
36,2017-01-01,46939.295880292084,7091.50178087106,61824.14803225685,46939.295880292084,46939.295880292084,-13153.228233980848,-13153.228233980848,-13153.228233980848,212.5164420548169,212.5164420548169,212.5164420548169,-13365.744676035663,-13365.744676035663,-13365.744676035663,0.0,0.0,0.0,33786.06764631123,88784.82114853151,31786.080334397022,80609.56332160361,88784.82114853151,88784.82114853151,-31628.681303442987,-31628.681303442987,-31628.681303442987,57.50870186707095,57.50870186707095,57.50870186707095,-31686.190005310065,-31686.190005310065,-31686.190005310065,0.0,0.0,0.0,57156.139845088524,2017-01-01,12365.997383940005,6568.941932442576,19435.857631638246,12365.997383940005,12365.997383940005,676.5528130041637,676.5528130041637,676.5528130041637,218.61395134745754,218.61395134745754,218.61395134745754,457.9388616567062,457.9388616567062,457.9388616567062,0.0,0.0,0.0,13042.550196944168
37,2017-02-01,46879.04201364922,-11206.919387758857,43644.47595198978,46879.04201364922,46879.04201364922,-30092.5659937283,-30092.5659937283,-30092.5659937283,-9965.185437073045,-9965.185437073045,-9965.185437073045,-20127.380556655255,-20127.380556655255,-20127.380556655255,0.0,0.0,0.0,16786.476019920916,88942.06254060542,39368.17990457343,87115.22005884344,88942.06254060542,88942.06254060542,-24542.273118964702,-24542.273118964702,-24542.273118964702,-3622.202814826503,-3622.202814826503,-3622.202814826503,-20920.070304138208,-20920.070304138208,-20920.070304138208,0.0,0.0,0.0,64399.789421640715,2017-02-01,12569.882973633736,4716.288906459802,18410.416066222435,12569.882973633736,12569.882973633736,-836.3949883978488,-836.3949883978488,-836.3949883978488,538.2363197466045,538.2363197466045,538.2363197466045,-1374.6313081444534,-1374.6313081444534,-1374.6313081444534,0.0,0.0,0.0,11733.487985235886
38,2017-03-01,46824.61916635889,-29833.683590312223,23445.87665833262,46824.61916635889,46824.61916635889,-50286.679168047376,-50286.679168047376,-50286.679168047376,-9965.185437061293,-9965.185437061293,-9965.185437061293,-40321.49373098608,-40321.49373098608,-40321.49373098608,0.0,0.0,0.0,-3462.0600016884855,89084.08702376895,32467.261818039435,79034.49047041775,89084.08702376895,89084.08702376895,-32976.65726785032,-32976.65726785032,-32976.65726785032,-3622.202814826456,-3622.202814826456,-3622.202814826456,-29354.454453023875,-29354.454453023875,-29354.454453023875,0.0,0.0,0.0,56107.42975591863,2017-03-01,12754.037699808721,1971.8406528910477,16081.276822875483,12754.037699808721,12754.037699808721,-3865.557970491297,-3865.557970491297,-3865.557970491297,538.2363197471448,538.2363197471448,538.2363197471448,-4403.794290238441,-4403.794290238441,-4403.794290238441,0.0,0.0,0.0,8888.479729317423
39,2017-04-01,46764.57887837957,-11327.833420364363,40208.86156793472,46764.57887837957,46764.57887837957,-33591.80601220912,-33591.80601220912,-33591.80601220912,10607.244153668651,10607.244153668651,10607.244153668651,-44199.050165877765,-44199.050165877765,-44199.050165877765,0.0,0.0,0.0,13172.772866170453,89243.19807163559,44683.06047287505,90554.25429872573,89243.19807163559,89243.19807163559,-21187.9920164573,-21187.9920164573,-21187.9920164573,-524.0176765071468,-524.0176765071468,-524.0176765071468,-20663.974339950157,-20663.974339950157,-20663.974339950157,0.0,0.0,0.0,68055.20605517829,2017-04-01,12957.923301209525,1596.4365993891238,15234.958922601563,12957.923301209525,12957.923301209525,-4547.264047292342,-4547.264047292342,-4547.264047292342,212.77268170101826,212.77268170101826,212.77268170101826,-4760.036728993361,-4760.036728993361,-4760.036728993361,0.0,0.0,0.0,8410.659253917183
40,2017-05-01,46706.475373883455,-18456.690133752687,34409.36270353694,46706.475373883455,46706.475373883455,-37882.791316428214,-37882.791316428214,-37882.791316428214,2140.5827625684738,2140.5827625684738,2140.5827625684738,-40023.37407899669,-40023.37407899669,-40023.37407899669,0.0,0.0,0.0,8823.68405745524,89397.1765050549,98331.2304396016,146419.27270554195,89397.1765050549,89397.1765050549,33004.96940303411,33004.96940303411,33004.96940303411,13582.971647063177,13582.971647063177,13582.971647063177,19421.99775597093,19421.99775597093,19421.99775597093,0.0,0.0,0.0,122402.145908089,2017-05-01,13155.23194772643,1770.6087245942126,14814.829719407537,13155.23194772643,13155.23194772643,-4838.629449286369,-4838.629449286369,-4838.629449286369,918.8515058555494,918.8515058555494,918.8515058555494,-5757.480955141918,-5757.480955141918,-5757.480955141918,0.0,0.0,0.0,8316.602498440061
41,2017-06-01,46646.65750065637,51842.3325326231,106263.43435082409,46646.65750065637,46646.65750065637,32456.038685083964,32456.038685083964,32456.038685083964,-1639.3490903955126,-1639.3490903955126,-1639.3490903955126,34095.38777547948,34095.38777547948,34095.38777547948,0.0,0.0,0.0,79102.69618574034,89558.13815883949,49347.81442863818,98209.22997137909,89558.13815883949,89558.13815883949,-15824.750336433504,-15824.750336433504,-15824.750336433504,-6115.4988189099,-6115.4988189099,-6115.4988189099,-9709.251517523606,-9709.251517523606,-9709.251517523606,0.0,0.0,0.0,73733.38782240599,2017-06-01,13359.121987875431,-772.7614420680521,12705.426222915608,13359.121987875431,13359.121987875431,-7320.086455955013,-7320.086455955013,-7320.086455955013,-1540.2975475412636,-1540.2975475412636,-1540.2975475412636,-5779.788908413749,-5779.788908413749,-5779.788908413749,0.0,0.0,0.0,6039.035531920418
42,2017-07-01,46588.76923624306,100649.17310745873,157098.0889093329,46588.76923624306,46588.76923624306,81797.87456809288,81797.87456809288,81797.87456809288,10607.244153670754,10607.244153670754,10607.244153670754,71190.63041442214,71190.63041442214,71190.63041442214,0.0,0.0,0.0,128386.64380433594,89713.90750121165,53849.914276850934,101448.67301726037,89713.90750121165,89713.90750121165,-11751.538287084162,-11751.538287084162,-11751.538287084162,-524.0176765109412,-524.0176765109412,-524.0176765109412,-11227.520610573221,-11227.520610573221,-11227.520610573221,0.0,0.0,0.0,77962.3692141275,2017-07-01,13556.434929955109,912.4223944345173,14985.808142782165,13556.434929955109,13556.434929955109,-5755.759404325477,-5755.759404325477,-5755.759404325477,212.77268170111822,212.77268170111822,212.77268170111822,-5968.532086026595,-5968.532086026595,-5968.532086026595,0.0,0.0,0.0,7800.675525629632
43,2017-08-01,46528.95335812038,71365.13748109354,123921.50664913058,46528.95335812038,46528.95335812038,49511.33271751039,49511.33271751039,49511.33271751039,5470.407967146731,5470.407967146731,5470.407967146731,44040.924750363665,44040.924750363665,44040.924750363665,0.0,0.0,0.0,96040.28607563078,89876.76122323603,72432.84761601659,122086.9202945046,89876.76122323603,89876.76122323603,7642.3311896556515,7642.3311896556515,7642.3311896556515,-7911.308334127071,-7911.308334127071,-7911.308334127071,15553.639523782724,15553.639523782724,15553.639523782724,0.0,0.0,0.0,97519.09241289168,2017-08-01,13760.324971025168,3419.3168964159404,16893.547537484694,13760.324971025168,13760.324971025168,-3553.8834537792786,-3553.8834537792786,-3553.8834537792786,-862.5944713696957,-862.5944713696957,-862.5944713696957,-2691.288982409583,-2691.288982409583,-2691.288982409583,0.0,0.0,0.0,10206.441517245888
44,2017-09-01,46469.137479997684,66858.28015252377,123090.42389412671,46469.137479997684,46469.137479997684,47928.77558257397,47928.77558257397,47928.77558257397,-6826.21679803276,-6826.21679803276,-6826.21679803276,54754.99238060674,54754.99238060674,54754.99238060674,0.0,0.0,0.0,94397.91306257166,90039.6149452604,130682.37713394673,179216.46161498904,90039.6149452604,90039.6149452604,64676.588565981416,64676.588565981416,64676.588565981416,4532.547295497201,4532.547295497201,4532.547295497201,60144.04127048421,60144.04127048421,60144.04127048421,0.0,0.0,0.0,154716.20351124182,2017-09-01,13964.215012095228,15829.015844470954,29354.06711214602,13964.215012095228,13964.215012095228,8930.24507332983,8930.24507332983,8930.24507332983,514.4175602696818,514.4175602696818,514.4175602696818,8415.827513060149,8415.827513060149,8415.827513060149,0.0,0.0,0.0,22894.46008542506
45,2017-10-01,46411.25114633057,50928.227610472735,102469.36397337321,46411.25114633057,46411.25114633057,31286.969877149168,31286.969877149168,31286.969877149168,212.51644209283432,212.51644209283432,212.51644209283432,31074.45343505634,31074.45343505634,31074.45343505634,0.0,0.0,0.0,77698.22102347974,90197.21532141301,100844.83063621938,147508.22360197565,90197.21532141301,90197.21532141301,34317.2102110252,34317.2102110252,34317.2102110252,57.50870183661344,57.50870183661344,57.50870183661344,34259.70150918858,34259.70150918858,34259.70150918858,0.0,0.0,0.0,124514.42553243821,2017-10-01,14161.527955066254,17902.291751785055,31577.247947418837,14161.527955066254,14161.527955066254,10645.811080853884,10645.811080853884,10645.811080853884,218.61395134118683,218.61395134118683,218.61395134118683,10427.197129512699,10427.197129512699,10427.197129512699,0.0,0.0,0.0,24807.339035920137
46,2017-11-01,46351.435268675465,18824.919719961217,71688.29777758633,46351.435268675465,46351.435268675465,-1096.0271912085184,-1096.0271912085184,-1096.0271912085184,-9965.185437072194,-9965.185437072194,-9965.185437072194,8869.158245863677,8869.158245863677,8869.158245863677,0.0,0.0,0.0,45255.40807746695,90360.76607730333,81889.97918928332,128901.84918592416,90360.76607730333,90360.76607730333,15388.495225331202,15388.495225331202,15388.495225331202,-3622.2028148242657,-3622.2028148242657,-3622.2028148242657,19010.69804015547,19010.69804015547,19010.69804015547,0.0,0.0,0.0,105749.26130263454,2017-11-01,14365.417996864064,17341.186633629466,30249.16490561298,14365.417996864064,14365.417996864064,9340.105136052156,9340.105136052156,9340.105136052156,538.2363197464491,538.2363197464491,538.2363197464491,8801.868816305709,8801.868816305709,8801.868816305709,0.0,0.0,0.0,23705.52313291622
47,2017-12-01,46293.54893546085,6342.410550142363,58177.386384322366,46293.54893546085,46293.54893546085,-13396.656467747878,-13396.656467747878,-13396.656467747878,-6826.216798026571,-6826.216798026571,-6826.216798026571,-6570.439669721306,-6570.439669721306,-6570.439669721306,0.0,0.0,0.0,32896.89246771297,90519.04100235848,55511.16031426929,103686.66983695747,90519.04100235848,90519.04100235848,-10340.193092362342,-10340.193092362342,-10340.193092362342,4532.547295457558,4532.547295457558,4532.547295457558,-14872.740387819902,-14872.740387819902,-14872.740387819902,0.0,0.0,0.0,80178.84790999614,2017-12-01,14562.730940539363,12072.581493247222,25180.844849510882,14562.730940539363,14562.730940539363,3960.2386904224522,3960.2386904224522,3960.2386904224522,514.4175602638053,514.4175602638053,514.4175602638053,3445.8211301586475,3445.8211301586475,3445.8211301586475,0.0,0.0,0.0,18522.969630961816
48,2018-01-01,46234.007085528596,-76.96394744450001,55288.81542823803,46234.007085528596,46234.007085528596,-19055.575128884215,-19055.575128884215,-19055.575128884215,2140.582762621076,2140.582762621076,2140.582762621076,-21196.157891505292,-21196.157891505292,-21196.157891505292,0.0,0.0,0.0,27178.43195664438,90682.79506816853,46832.57089704652,94375.30466707486,90682.79506816853,90682.79506816853,-19338.5283400677,-19338.5283400677,-19338.5283400677,13582.971647034954,13582.971647034954,13582.971647034954,-32921.49998710266,-32921.49998710266,-32921.49998710266,0.0,0.0,0.0,71344.26672810083,2018-01-01,14766.62098211047,9319.121091846288,22951.54526145538,14766.62098211047,14766.62098211047,1520.3501083841657,1520.3501083841657,1520.3501083841657,918.8515058494755,918.8515058494755,918.8515058494755,601.4986025346902,601.4986025346902,601.4986025346902,0.0,0.0,0.0,16286.971090494635
49,2018-02-01,46174.46523559635,-12861.992373254225,43676.0816217488,46174.46523559635,46174.46523559635,-29701.376780262388,-29701.376780262388,-29701.376780262388,-1639.3490903916463,-1639.3490903916463,-1639.3490903916463,-28062.02768987074,-28062.02768987074,-28062.02768987074,0.0,0.0,0.0,16473.08845533396,90846.54913397858,35706.28497029768,83154.5583115888,90846.54913397858,90846.54913397858,-31455.09180421385,-31455.09180421385,-31455.09180421385,-6115.498818896792,-6115.498818896792,-6115.498818896792,-25339.59298531706,-25339.59298531706,-25339.59298531706,0.0,0.0,0.0,59391.45732976473,2018-02-01,14970.511023681573,5268.468671349694,18814.742644518912,14970.511023681573,14970.511023681573,-2720.834900422879,-2720.834900422879,-2720.834900422879,-1540.297547541057,-1540.297547541057,-1540.297547541057,-1180.5373528818218,-1180.5373528818218,-1180.5373528818218,0.0,0.0,0.0,12249.676123258694
50,2018-03-01,46120.68550025326,-22111.50727887316,31670.179565648217,46120.68550025326,46120.68550025326,-41781.713477075864,-41781.713477075864,-41781.713477075864,-1639.3490903957056,-1639.3490903957056,-1639.3490903957056,-40142.36438668016,-40142.36438668016,-40142.36438668016,0.0,0.0,0.0,4338.972023177397,90994.60000638457,32418.045402397594,82011.85492034604,90994.60000638457,90994.60000638457,-33606.4938450036,-33606.4938450036,-33606.4938450036,-6115.498818910571,-6115.498818910571,-6115.498818910571,-27490.99502609303,-27490.99502609303,-27490.99502609303,0.0,0.0,0.0,57388.10616138097,2018-03-01,15154.669771593473,4622.71863675164,17225.994109360592,15154.669771593473,15154.669771593473,-4296.973780384228,-4296.973780384228,-4296.973780384228,-1540.2975475415815,-1540.2975475415815,-1540.2975475415815,-2756.676232842646,-2756.676232842646,-2756.676232842646,0.0,0.0,0.0,10857.695991209246
51,2018-04-01,46061.143650409125,-24019.73676566913,31860.47222114816,46061.143650409125,46061.143650409125,-41213.73356883016,-41213.73356883016,-41213.73356883016,212.51644209281218,212.51644209281218,212.51644209281218,-41426.25001092298,-41426.25001092298,-41426.25001092298,0.0,0.0,0.0,4847.410081578964,91158.51347226264,54256.41103837578,100367.36877925952,91158.51347226264,91158.51347226264,-13263.37858188789,-13263.37858188789,-13263.37858188789,57.50870182973071,57.50870182973071,57.50870182973071,-13320.88728371762,-13320.88728371762,-13320.88728371762,0.0,0.0,0.0,77895.13489037476,2018-04-01,15358.5598139245,3350.5345911447207,17056.61344506022,15358.5598139245,15358.5598139245,-5072.033855663986,-5072.033855663986,-5072.033855663986,218.61395134192804,218.61395134192804,218.61395134192804,-5290.647807005915,-5290.647807005915,-5290.647807005915,0.0,0.0,0.0,10286.525958260514
52,2018-05-01,46003.522505355155,-9111.867367897798,44213.65609667878,46003.522505355155,46003.522505355155,-28689.817274213805,-28689.817274213805,-28689.817274213805,5470.407967147358,5470.407967147358,5470.407967147358,-34160.225241361164,-34160.225241361164,-34160.225241361164,0.0,0.0,0.0,17313.70523114135,91317.28037541102,72082.40894482886,120165.76588192442,91317.28037541104,91317.28037541104,4213.196331472886,4213.196331472886,4213.196331472886,-7911.308334103265,-7911.308334103265,-7911.308334103265,12124.50466557615,12124.50466557615,12124.50466557615,0.0,0.0,0.0,95530.47670688391,2018-05-01,15555.872758413048,1269.2588677875465,14406.705496730892,15555.872758413048,15555.872758413048,-7853.257319693641,-7853.257319693641,-7853.257319693641,-862.5944713686315,-862.5944713686315,-862.5944713686315,-6990.662848325008,-6990.662848325008,-6990.662848325008,0.0,0.0,0.0,7702.615438719407
53,2018-06-01,45943.98065546605,55822.90272952747,106759.31668216875,45943.98065546605,45943.98065546605,35067.81587018495,35067.81587018495,35067.81587018495,-6826.216798018772,-6826.216798018772,-6826.216798018772,41894.032668203734,41894.032668203734,41894.032668203734,0.0,0.0,0.0,81011.796525651,91481.33950866434,61409.74914533099,112304.52510324647,91481.33950866436,91481.33950866436,-5039.382839707818,-5039.382839707818,-5039.382839707818,4532.547295459048,4532.547295459048,4532.547295459048,-9571.930135166867,-9571.930135166867,-9571.930135166867,0.0,0.0,0.0,86441.95666895653,2018-06-01,15759.762801051216,3182.1743761084654,16885.73465274858,15759.762801051216,15759.762801051216,-5657.717620132525,-5657.717620132525,-5657.717620132525,514.4175602648995,514.4175602648995,514.4175602648995,-6172.135180397424,-6172.135180397424,-6172.135180397424,0.0,0.0,0.0,10102.045180918692
54,2018-07-01,45886.35951042407,84990.34521805453,137746.08052870884,45886.35951042407,45886.35951042407,67892.79787505264,67892.79787505264,67892.79787505264,212.5164420928012,212.5164420928012,212.5164420928012,67680.28143295985,67680.28143295985,67680.28143295985,0.0,0.0,0.0,113779.1573854767,91640.20302220843,51506.389893361295,101840.55645137042,91640.20302220843,91640.20302220843,-14467.715365577145,-14467.715365577145,-14467.715365577145,57.50870182628872,57.50870182628872,57.50870182628872,-14525.224067403436,-14525.224067403436,-14525.224067403436,0.0,0.0,0.0,77172.48765663129,2018-07-01,15957.075744861431,3135.0337403922063,16884.040019769345,15957.075744861431,15957.075744861431,-5950.259376862619,-5950.259376862619,-5950.259376862619,218.61395134229863,218.61395134229863,218.61395134229863,-6168.873328204918,-6168.873328204918,-6168.873328204918,0.0,0.0,0.0,10006.816367998812
55,2018-08-01,45826.81766054736,39445.524335154776,94031.19850373357,45826.81766054736,45826.81766054736,20812.83394852823,20812.83394852823,20812.83394852823,-9965.185437054648,-9965.185437054648,-9965.185437054648,30778.019385582873,30778.019385582873,30778.019385582873,0.0,0.0,0.0,66639.65160907559,91804.36198620399,85724.54975455334,132027.88104434448,91804.36198620399,91804.36198620399,17707.935092164105,17707.935092164105,17707.935092164105,-3622.202814824415,-3622.202814824415,-3622.202814824415,21330.13790698852,21330.13790698852,21330.13790698852,0.0,0.0,0.0,109512.2970783681,2018-08-01,16160.965786798655,8629.764410710979,21989.83587422491,16160.965786798655,16160.965786798655,-939.8419646287089,-939.8419646287089,-939.8419646287089,538.2363197472748,538.2363197472748,538.2363197472748,-1478.078284375984,-1478.078284375984,-1478.078284375984,0.0,0.0,0.0,15221.123822169946
56,2018-09-01,45767.27581067065,72021.48390275238,129360.11457987975,45767.27581067065,45767.27581067065,55731.80924521526,55731.80924521526,55731.80924521526,10607.244153674514,10607.244153674514,10607.244153674514,45124.56509154074,45124.56509154074,45124.56509154074,0.0,0.0,0.0,101499.08505588592,91968.52095019954,131615.72119623693,177686.0285494618,91968.52095019954,91968.52095019954,63065.84903040077,63065.84903040077,63065.84903040077,-524.0176765164558,-524.0176765164558,-524.0176765164558,63589.86670691723,63589.86670691723,63589.86670691723,0.0,0.0,0.0,155034.3699806003,2018-09-01,16364.855828735876,18600.45155349422,32356.378598782656,16364.855828735876,16364.855828735876,9209.402878547478,9209.402878547478,9209.402878547478,212.7726817003909,212.7726817003909,212.7726817003909,8996.630196847085,8996.630196847085,8996.630196847085,0.0,0.0,0.0,25574.258707283356
57,2018-10-01,45709.654665628674,64167.15924973163,116599.82493563976,45709.654665628674,45709.654665628674,43950.12506002324,43950.12506002324,43950.12506002324,2140.5827625755865,2140.5827625755865,2140.5827625755865,41809.54229744765,41809.54229744765,41809.54229744765,0.0,0.0,0.0,89659.77972565191,92127.38446374363,109486.35744025615,159397.61064218116,92127.38446374363,92127.38446374363,40664.16260128416,40664.16260128416,40664.16260128416,13582.971647060172,13582.971647060172,13582.971647060172,27081.190954223985,27081.190954223985,27081.190954223985,0.0,0.0,0.0,132791.5470650278,2018-10-01,16562.16877254609,21831.15282253406,35025.84250087252,16562.16877254609,16562.16877254609,11518.551024166278,11518.551024166278,11518.551024166278,918.8515058547123,918.8515058547123,918.8515058547123,10599.699518311569,10599.699518311569,10599.699518311569,0.0,0.0,0.0,28080.71979671237
58,2018-11-01,45650.11281575197,38121.784439636205,91656.55549524032,45650.11281575197,45650.11281575197,19693.995790626555,19693.995790626555,19693.995790626555,-1639.3490903882907,-1639.3490903882907,-1639.3490903882907,21333.344881014844,21333.344881014844,21333.344881014844,0.0,0.0,0.0,65344.108606378526,92291.54342773918,79452.18136860331,129716.01131907234,92291.54342773918,92291.54342773918,12836.761080237307,12836.761080237307,12836.761080237307,-6115.498818885329,-6115.498818885329,-6115.498818885329,18952.259899122637,18952.259899122637,18952.259899122637,0.0,0.0,0.0,105128.30450797649,2018-11-01,16766.058814483313,16471.8533936497,29665.853286985417,16766.058814483313,16766.058814483313,6136.6968734144675,6136.6968734144675,6136.6968734144675,-1540.2975475386236,-1540.2975475386236,-1540.2975475386236,7676.994420953091,7676.994420953091,7676.994420953091,0.0,0.0,0.0,22902.75568789778
59,2018-12-01,45592.49167070999,26078.0427829088,78816.16358608063,45592.49167070999,45592.49167070999,6516.866507924087,6516.866507924087,6516.866507924087,10607.244153675478,10607.244153675478,10607.244153675478,-4090.37764575139,-4090.37764575139,-4090.37764575139,0.0,0.0,0.0,52109.35817863408,92450.40694128326,57811.81247326836,109420.35589491716,92450.40694128326,92450.40694128326,-9978.11785332767,-9978.11785332767,-9978.11785332767,-524.0176765175111,-524.0176765175111,-524.0176765175111,-9454.100176810158,-9454.100176810158,-9454.100176810158,0.0,0.0,0.0,82472.28908795559,2018-12-01,16963.371758293524,13328.71647156201,26919.557054404602,16963.371758293524,16963.371758293524,2964.23189535865,2964.23189535865,2964.23189535865,212.77268169995133,212.77268169995133,212.77268169995133,2751.4592136586984,2751.4592136586984,2751.4592136586984,0.0,0.0,0.0,19927.603653652175
60,2019-01-01,45532.94982083328,-3984.2221230275613,48945.818833237994,45532.94982083328,45532.94982083328,-23809.767738757077,-23809.767738757077,-23809.767738757077,5470.407967097697,5470.407967097697,5470.407967097697,-29280.175705854774,-29280.175705854774,-29280.175705854774,0.0,0.0,0.0,21723.182082076204,92614.56590527883,27077.201107312616,73841.52348061037,92614.56590527883,92614.56590527883,-42177.754641624764,-42177.754641624764,-42177.754641624764,-7911.308334118045,-7911.308334118045,-7911.308334118045,-34266.44630750672,-34266.44630750672,-34266.44630750672,0.0,0.0,0.0,50436.81126365406,2019-01-01,17167.261800230746,10661.359638618347,23995.35016894753,17167.261800230746,17167.261800230746,-88.51655660891929,-88.51655660891929,-88.51655660891929,-862.5944713659817,-862.5944713659817,-862.5944713659817,774.0779147570624,774.0779147570624,774.0779147570624,0.0,0.0,0.0,17078.745243621826
61,2019-02-01,45473.40797095657,-26361.911362783736,28888.740922907324,45473.40797095657,45473.40797095657,-42771.056163898014,-42771.056163898014,-42771.056163898014,-6826.216798037186,-6826.216798037186,-6826.216798037186,-35944.83936586083,-35944.83936586083,-35944.83936586083,0.0,0.0,0.0,2702.351807058556,92778.72486927437,43797.73373201239,92681.68739279668,92778.72486927437,92778.72486927437,-25198.218501815274,-25198.218501815274,-25198.218501815274,4532.5472955043615,4532.5472955043615,4532.5472955043615,-29730.76579731963,-29730.76579731963,-29730.76579731963,0.0,0.0,0.0,67580.50636745911,2019-02-01,17371.151842167972,10222.804899559576,23769.479678309104,17371.151842167972,17371.151842167972,-446.1048299038707,-446.1048299038707,-446.1048299038707,514.4175602703839,514.4175602703839,514.4175602703839,-960.5223901742547,-960.5223901742547,-960.5223901742547,0.0,0.0,0.0,16925.0470122641
62,2019-03-01,45419.62823558406,-28215.59376733192,24205.63755082707,45419.62823558406,45419.62823558406,-46555.60463904552,-46555.60463904552,-46555.60463904552,-6826.216798029272,-6826.216798029272,-6826.216798029272,-39729.38784101625,-39729.38784101625,-39729.38784101625,0.0,0.0,0.0,-1135.9764034614636,92926.99748191552,49133.04848771861,96075.48958453494,92926.99748191552,92926.99748191552,-20972.25684256709,-20972.25684256709,-20972.25684256709,4532.547295506147,4532.547295506147,4532.547295506147,-25504.804138073243,-25504.804138073243,-25504.804138073243,0.0,0.0,0.0,71954.74063934843,2019-03-01,17555.31058972417,10229.213240394116,23032.663909909996,17555.31058972417,17555.31058972417,-618.8119781499734,-618.8119781499734,-618.8119781499734,514.4175602715395,514.4175602715395,514.4175602715395,-1133.229538421513,-1133.229538421513,-1133.229538421513,0.0,0.0,0.0,16936.498611574196
63,2019-04-01,45360.08638570735,-17128.926792529608,34001.04424660133,45360.08638570735,45360.08638570735,-36334.23080216367,-36334.23080216367,-36334.23080216367,2140.582762577721,2140.582762577721,2140.582762577721,-38474.81356474139,-38474.81356474139,-38474.81356474139,0.0,0.0,0.0,9025.855583543678,93091.15644591107,74967.93953397176,126853.90410473089,93091.15644591107,93091.15644591107,7495.957101317342,7495.957101317342,7495.957101317342,13582.971647061164,13582.971647061164,13582.971647061164,-6087.014545743821,-6087.014545743821,-6087.014545743821,0.0,0.0,0.0,100587.11354722841,2019-04-01,17759.20063166139,6294.387441498687,19471.810129345416,17759.20063166139,17759.20063166139,-4949.669403634885,-4949.669403634885,-4949.669403634885,918.8515058544243,918.8515058544243,918.8515058544243,-5868.52090948931,-5868.52090948931,-5868.52090948931,0.0,0.0,0.0,12809.531228026506
64,2019-05-01,45302.46524066537,-21104.433188471536,36136.823024887926,45302.46524066537,45302.46524066537,-38220.897906222366,-38220.897906222366,-38220.897906222366,-9965.185437070495,-9965.185437070495,-9965.185437070495,-28255.712469151866,-28255.712469151866,-28255.712469151866,0.0,0.0,0.0,7081.567334443003,93250.01995945517,70719.50150831643,116694.8206043304,93250.01995945517,93250.01995945517,1089.341063984655,1089.341063984655,1089.341063984655,-3622.20281481979,-3622.20281481979,-3622.20281481979,4711.543878804446,4711.543878804446,4711.543878804446,0.0,0.0,0.0,94339.36102343982,2019-05-01,17956.513575471607,3607.5366439626146,16842.90609965908,17956.513575471607,17956.513575471607,-7688.3215433091345,-7688.3215433091345,-7688.3215433091345,538.2363197461381,538.2363197461381,538.2363197461381,-8226.557863055272,-8226.557863055272,-8226.557863055272,0.0,0.0,0.0,10268.192032162471
65,2019-06-01,45242.92339078866,79547.99861459495,133151.85910383894,45242.92339078866,45242.92339078866,60058.902196272466,60058.902196272466,60058.902196272466,10607.244153677402,10607.244153677402,10607.244153677402,49451.65804259506,49451.65804259506,49451.65804259506,0.0,0.0,0.0,105301.82558706112,93414.17892345072,59469.44640995092,106701.50411479201,93414.17892345072,93414.17892345072,-9903.89249013914,-9903.89249013914,-9903.89249013914,-524.0176765196242,-524.0176765196242,-524.0176765196242,-9379.874813619515,-9379.874813619515,-9379.874813619515,0.0,0.0,0.0,83510.28643331157,2019-06-01,18160.40361740883,5440.318712357158,18426.544601545917,18160.40361740883,18160.40361740883,-6328.91475945791,-6328.91475945791,-6328.91475945791,212.77268169907228,212.77268169907228,212.77268169907228,-6541.687441156982,-6541.687441156982,-6541.687441156982,0.0,0.0,0.0,11831.488857950919
66,2019-07-01,45185.30224574668,83104.21547420022,136973.3264437145,45185.30224574668,45185.30224574668,65932.85302351159,65932.85302351159,65932.85302351159,2140.5827625853344,2140.5827625853344,2140.5827625853344,63792.270260926256,63792.270260926256,63792.270260926256,0.0,0.0,0.0,111118.15526925828,93573.04243699479,66619.86252022932,113406.03030455814,93573.04243699479,93573.04243699479,-4117.098207417497,-4117.098207417497,-4117.098207417497,13582.971647051192,13582.971647051192,13582.971647051192,-17700.06985446869,-17700.06985446869,-17700.06985446869,0.0,0.0,0.0,89455.94422957729,2019-07-01,18357.716561219044,6186.163567362783,19674.816566489448,18357.716561219044,18357.716561219044,-5415.326683433658,-5415.326683433658,-5415.326683433658,918.8515058536595,918.8515058536595,918.8515058536595,-6334.178189287319,-6334.178189287319,-6334.178189287319,0.0,0.0,0.0,12942.389877785386
67,2019-08-01,45125.76039586998,35061.879842588154,87668.1571391376,45125.76039586998,45125.76039586998,15826.542158360122,15826.542158360122,15826.542158360122,-1639.3490903979093,-1639.3490903979093,-1639.3490903979093,17465.891248758035,17465.891248758035,17465.891248758035,0.0,0.0,0.0,60952.3025542301,93737.20140099035,89635.03745874699,140581.82961711823,93737.20140099035,93737.20140099035,21062.54046241788,21062.54046241788,21062.54046241788,-6115.498818918062,-6115.498818918062,-6115.498818918062,27178.039281335943,27178.039281335943,27178.039281335943,0.0,0.0,0.0,114799.74186340823,2019-08-01,18561.606603156266,10200.895178367567,23859.18835085844,18561.606603156266,18561.606603156266,-1789.156737120587,-1789.156737120587,-1789.156737120587,-1540.2975475421301,-1540.2975475421301,-1540.2975475421301,-248.8591895784569,-248.8591895784569,-248.8591895784569,0.0,0.0,0.0,16772.44986603568
68,2019-09-01,45066.218545993266,53429.07782526439,107624.18791963681,45066.181317060276,45066.25191997884,36111.87585286154,36111.87585286154,36111.87585286154,212.5164420867513,212.5164420867513,212.5164420867513,35899.3594107748,35899.3594107748,35899.3594107748,0.0,0.0,0.0,81178.09439885481,93901.3603649859,137611.52853135113,186422.80140371525,93900.76993373201,93901.88066183716,66917.54589162623,66917.54589162623,66917.54589162623,57.508701833334385,57.508701833334385,57.508701833334385,66860.0371897929,66860.0371897929,66860.0371897929,0.0,0.0,0.0,160818.90625661213,2019-09-01,18765.496645093484,21652.063157892822,35679.210009941715,18765.408763654017,18765.57232670589,9774.559695613,9774.559695613,9774.559695613,218.61395134306156,218.61395134306156,218.61395134306156,9555.945744269935,9555.945744269935,9555.945744269935,0.0,0.0,0.0,28540.056340706484
69,2019-10-01,45008.59740095129,75838.14749418602,130443.14721906725,45008.50312878018,45008.69868774153,58384.6871532337,58384.6871532337,58384.6871532337,5470.407967141568,5470.407967141568,5470.407967141568,52914.279186092135,52914.279186092135,52914.279186092135,0.0,0.0,0.0,103393.284554185,94060.22387852997,81555.33063706486,131326.58469580923,94058.6094403899,94061.59835329508,11951.027304604871,11951.027304604871,11951.027304604871,-7911.3083340990015,-7911.3083340990015,-7911.3083340990015,19862.335638703873,19862.335638703873,19862.335638703873,0.0,0.0,0.0,106011.25118313484,2019-10-01,18962.809588903703,21913.44716830219,35642.80481693189,18962.54686139463,18963.085443380027,9872.967805996012,9872.967805996012,9872.967805996012,-862.5944713680443,-862.5944713680443,-862.5944713680443,10735.562277364055,10735.562277364055,10735.562277364055,0.0,0.0,0.0,28835.777394899713
70,2019-11-01,44949.05555107458,45143.495963802416,97105.16198847562,44948.85891699032,44949.24054703198,26877.326363656925,26877.326363656925,26877.326363656925,-6826.216798023198,-6826.216798023198,-6826.216798023198,33703.54316168012,33703.54316168012,33703.54316168012,0.0,0.0,0.0,71826.38191473151,94224.38284252553,92770.71689358325,143225.11806382914,94220.97116622284,94226.80113693421,23564.364321388493,23564.364321388493,23564.364321388493,4532.547295466209,4532.547295466209,4532.547295466209,19031.817025922286,19031.817025922286,19031.817025922286,0.0,0.0,0.0,117788.74716391403,2019-11-01,19166.699630840925,18997.227231118784,33442.378891230685,19166.21792132196,19167.233773104224,7048.401491111818,7048.401491111818,7048.401491111818,514.4175602656015,514.4175602656015,514.4175602656015,6533.983930846217,6533.983930846217,6533.983930846217,0.0,0.0,0.0,26215.101121952743
71,2019-12-01,44891.4344060326,16801.848915862098,70518.26172868618,44891.1293608955,44891.70677916294,-1785.3828306804621,-1785.3828306804621,-1785.3828306804621,212.51644208673957,212.51644208673957,212.51644208673957,-1997.899272767203,-1997.899272767203,-1997.899272767203,0.0,0.0,0.0,43106.05157535213,94383.24635606963,67508.15700396939,114910.60776690744,94378.03012544342,94386.89419630588,-3991.2455228196973,-3991.2455228196973,-3991.2455228196973,57.508701829892395,57.508701829892395,57.508701829892395,-4048.75422464959,-4048.75422464959,-4048.75422464959,0.0,0.0,0.0,90392.00083324994,2019-12-01,19364.012574651137,15512.784052024268,28325.727954627593,19363.27670100167,19364.81330951592,2299.4581557482347,2299.4581557482347,2299.4581557482347,218.61395134343203,218.61395134343203,218.61395134343203,2080.844204404802,2080.844204404802,2080.844204404802,0.0,0.0,0.0,21663.47073039937
72,2020-01-01,44831.89255615589,-29605.017894950775,24686.985787818256,44831.483459165494,44832.280341186415,-47571.56163060597,-47571.56163060597,-47571.56163060597,-9965.185437093933,-9965.185437093933,-9965.185437093933,-37606.37619351203,-37606.37619351203,-37606.37619351203,0.0,0.0,0.0,-2739.669074450074,94547.40532006518,30898.22198633451,79905.21996815474,94540.0535071703,94552.32295136656,-39341.81697531634,-39341.81697531634,-39341.81697531634,-3622.202814835139,-3622.202814835139,-3622.202814835139,-35719.6141604812,-35719.6141604812,-35719.6141604812,0.0,0.0,0.0,55205.588344748845,2020-01-01,19567.90261658836,14646.00868954954,27672.798384630853,19566.80624248024,19568.989389192215,1513.8775028126997,1513.8775028126997,1513.8775028126997,538.2363197463894,538.2363197463894,538.2363197463894,975.6411830663103,975.6411830663103,975.6411830663103,0.0,0.0,0.0,21081.780119401057
73,2020-02-01,44772.350706279176,-15116.793537863723,37891.620844703124,44771.80525913227,44772.8798128764,-33155.52565662366,-33155.52565662366,-33155.52565662366,10607.244153710728,10607.244153710728,10607.244153710728,-43762.76981033438,-43762.76981033438,-43762.76981033438,0.0,0.0,0.0,11616.82504965552,94711.56428406073,36185.40549425046,84175.45795500568,94702.09535041584,94718.39479968589,-34612.45288963285,-34612.45288963285,-34612.45288963285,-524.0176765677719,-524.0176765677719,-524.0176765677719,-34088.43521306507,-34088.43521306507,-34088.43521306507,0.0,0.0,0.0,60099.111394427884,2020-02-01,19771.79265852558,12392.057817622903,25988.69619230501,19770.34066516481,19773.218509961767,-502.5446056716879,-502.5446056716879,-502.5446056716879,212.77268169212107,212.77268169212107,212.77268169212107,-715.317287363809,-715.317287363809,-715.317287363809,0.0,0.0,0.0,19269.248052853894
74,2020-03-01,44716.650266071934,-24244.284060333284,32656.302241529767,44715.943689783366,44717.32100472914,-40055.01306166177,-40055.01306166177,-40055.01306166177,212.51644208672894,212.51644208672894,212.51644208672894,-40267.52950374849,-40267.52950374849,-40267.52950374849,0.0,0.0,0.0,4661.637204410166,94865.13234715335,39494.29893254508,87022.02667312781,94853.55206645333,94873.68526240058,-31034.195101703648,-31034.195101703648,-31034.195101703648,57.508701826451826,57.508701826451826,57.508701826451826,-31091.703803530105,-31091.703803530105,-31091.703803530105,0.0,0.0,0.0,63830.937245449706,2020-03-01,19962.52850420879,6876.02597223374,20651.45136117459,19960.690376492297,19964.235798269503,-5854.066860725613,-5854.066860725613,-5854.066860725613,218.61395134380265,218.61395134380265,218.61395134380265,-6072.680812069416,-6072.680812069416,-6072.680812069416,0.0,0.0,0.0,14108.461643483177
75,2020-04-01,44657.10841619523,-39132.21516317007,14430.296672052114,44656.24583771323,44657.93531843611,-56752.975115392626,-56752.975115392626,-56752.975115392626,-9965.185437042157,-9965.185437042157,-9965.185437042157,-46787.789678350484,-46787.789678350484,-46787.789678350484,0.0,0.0,0.0,-12095.866699197395,95029.2913111489,37593.78255226039,86473.19112958595,95014.8550783257,95039.88113714405,-31730.87211409474,-31730.87211409474,-31730.87211409474,-3622.2028148224244,-3622.2028148224244,-3622.2028148224244,-28108.669299272307,-28108.669299272307,-28108.669299272307,0.0,0.0,0.0,63298.419197054165,2020-04-01,20166.418546146015,9858.70708150461,23382.82974563541,20164.195650558693,20168.51420311637,-3738.949237545225,-3738.949237545225,-3738.949237545225,538.2363197476803,538.2363197476803,538.2363197476803,-4277.185557292905,-4277.185557292905,-4277.185557292905,0.0,0.0,0.0,16427.46930860079
76,2020-05-01,44599.487271153244,-31982.196989944125,18951.75861788589,44598.3932776254,44600.47825518743,-52659.94814011318,-52659.94814011318,-52659.94814011318,-6826.216798035305,-6826.216798035305,-6826.216798035305,-45833.731342077874,-45833.731342077874,-45833.731342077874,0.0,0.0,0.0,-8060.460868959934,95188.15482469299,101847.81640727246,150599.14010961223,95171.377899702,95200.3197911065,31129.80311064692,31129.80311064692,31129.80311064692,4532.547295472176,4532.547295472176,4532.547295472176,26597.255815174743,26597.255815174743,26597.255815174743,0.0,0.0,0.0,126317.95793533992,2020-05-01,20363.731489956226,9566.040250685952,23154.31949468087,20361.034312750788,20366.17632794436,-4014.4122970641292,-4014.4122970641292,-4014.4122970641292,514.4175602652706,514.4175602652706,514.4175602652706,-4528.8298573294005,-4528.8298573294005,-4528.8298573294005,0.0,0.0,0.0,16349.319192892097
77,2020-06-01,44539.94542127654,45064.76001449953,99999.62830134598,44538.62997424162,44541.12803111176,28207.49917202314,28207.49917202314,28207.49917202314,2140.582762583767,2140.582762583767,2140.582762583767,26066.916409439382,26066.916409439382,26066.916409439382,0.0,0.0,0.0,72747.44459329968,95352.31378868854,75612.82529420203,123465.51542297122,95332.4903675697,95366.71870934141,3788.174305499685,3788.174305499685,3788.174305499685,13582.971647057664,13582.971647057664,13582.971647057664,-9794.797341557978,-9794.797341557978,-9794.797341557978,0.0,0.0,0.0,99140.48809418823,2020-06-01,20567.62153189345,9839.819126104558,22935.735323078352,20564.50620498781,20570.485078156158,-4446.766563105031,-4446.766563105031,-4446.766563105031,918.8515058537313,918.8515058537313,918.8515058537313,-5365.618068958763,-5365.618068958763,-5365.618068958763,0.0,0.0,0.0,16120.854968788417
78,2020-07-01,44482.32427623457,80600.37822862023,135464.29494908667,44480.80482695058,44483.647634676796,64351.353040588336,64351.353040588336,64351.353040588336,-9965.185437053005,-9965.185437053005,-9965.185437053005,74316.53847764134,74316.53847764134,74316.53847764134,0.0,0.0,0.0,108833.6773168229,95511.17730223264,59708.84533871784,106724.57074378466,95488.72990136033,95527.54118041229,-11431.142565364002,-11431.142565364002,-11431.142565364002,-3622.2028148200884,-3622.2028148200884,-3622.2028148200884,-7808.939750543914,-7808.939750543914,-7808.939750543914,0.0,0.0,0.0,84080.03473686863,2020-07-01,20764.93447570366,8683.630653273649,21611.10583143132,20761.293218203686,20768.233643939115,-5194.84167621003,-5194.84167621003,-5194.84167621003,538.2363197469742,538.2363197469742,538.2363197469742,-5733.077995957004,-5733.077995957004,-5733.077995957004,0.0,0.0,0.0,15570.09279949363
79,2020-08-01,44422.78242635785,86423.52506743862,140399.89869710934,44421.08987812601,44424.271441412435,67841.86543687589,67841.86543687589,67841.86543687589,10607.244153681164,10607.244153681164,10607.244153681164,57234.62128319474,57234.62128319474,57234.62128319474,0.0,0.0,0.0,112264.64786323374,95675.33626622817,81376.65302497598,127938.45055555568,95650.50946571697,95694.66318258275,9331.776535073457,9331.776535073457,9331.776535073457,-524.0176765251388,-524.0176765251388,-524.0176765251388,9855.794211598597,9855.794211598597,9855.794211598597,0.0,0.0,0.0,105007.11280130163,2020-08-01,20968.824517640882,10411.938125919198,24183.033269674957,20964.77168534042,20972.596664748573,-3674.0028222711057,-3674.0028222711057,-3674.0028222711057,212.77268169834497,212.77268169834497,212.77268169834497,-3886.7755039694516,-3886.7755039694516,-3886.7755039694516,0.0,0.0,0.0,17294.821695369777
80,2020-09-01,44363.24057648114,88945.26732232576,139916.6918855892,44361.36304386985,44364.98803597857,70248.02568988822,70248.02568988822,70248.02568988822,5470.407967178602,5470.407967178602,5470.407967178602,64777.61772270963,64777.61772270963,64777.61772270963,0.0,0.0,0.0,114611.26626636936,95839.49523022372,120306.4594602595,168263.5885250357,95811.2010681478,95861.19828201664,48615.21525913945,48615.21525913945,48615.21525913945,-7911.3083341153715,-7911.3083341153715,-7911.3083341153715,56526.52359325482,56526.52359325482,56526.52359325482,0.0,0.0,0.0,144454.71048936318,2020-09-01,21172.714559578104,21487.817309023263,35113.73971802056,21168.268941805974,21176.97696513541,6952.195431786265,6952.195431786265,6952.195431786265,-862.5944713712935,-862.5944713712935,-862.5944713712935,7814.789903157558,7814.789903157558,7814.789903157558,0.0,0.0,0.0,28124.90999136437
81,2020-10-01,44305.61943143917,34260.489437702425,88840.91047456507,44303.54346903323,44307.58751635577,19083.816372902744,19083.816372902744,19083.816372902744,-1639.349090388666,-1639.349090388666,-1639.349090388666,20723.16546329141,20723.16546329141,20723.16546329141,0.0,0.0,0.0,63389.43580434191,95998.35874376782,105953.0398158504,157060.61539791804,95968.00673391508,96022.39443195701,35274.628623579316,35274.628623579316,35274.628623579316,-6115.498818886625,-6115.498818886625,-6115.498818886625,41390.12744246594,41390.12744246594,41390.12744246594,0.0,0.0,0.0,131272.98736734714,2020-10-01,21370.02750338832,23110.09085193028,36593.613903048354,21365.139285537756,21374.856181224564,8677.766253159534,8677.766253159534,8677.766253159534,-1540.2975475392384,-1540.2975475392384,-1540.2975475392384,10218.063800698774,10218.063800698774,10218.063800698774,0.0,0.0,0.0,30047.793756547853
82,2020-11-01,44246.07758156246,13059.150919064494,66528.36811698157,44243.79540501342,44248.27447338241,-3457.4602192238794,-3457.4602192238794,-3457.4602192238794,212.5164420362036,212.5164420362036,212.5164420362036,-3669.9766612600833,-3669.9766612600833,-3669.9766612600833,0.0,0.0,0.0,40788.61736233858,96162.51770776337,91270.23634743376,137654.8572398345,96129.22169071462,96189.25570189828,19263.5874957024,19263.5874957024,19263.5874957024,57.50870187838352,57.50870187838352,57.50870187838352,19206.078793824017,19206.078793824017,19206.078793824017,0.0,0.0,0.0,115426.10520346576,2020-11-01,21573.91754532554,25140.126158455245,38323.07084920658,21568.613055689737,21579.120061453235,10125.63164311816,10125.63164311816,10125.63164311816,218.613951350912,218.613951350912,218.613951350912,9907.017691767247,9907.017691767247,9907.017691767247,0.0,0.0,0.0,31699.5491884437
83,2020-12-01,44188.45643652048,13678.206253258444,66766.1245519424,44185.97461838259,44190.930373015144,-3963.7653240626114,-3963.7653240626114,-3963.7653240626114,5470.407967171759,5470.407967171759,5470.407967171759,-9434.17329123437,-9434.17329123437,-9434.17329123437,0.0,0.0,0.0,40224.69111245787,96321.38122130744,41977.20048203741,91151.05327737625,96285.67753289948,96350.06355685304,-28210.593972046743,-28210.593972046743,-28210.593972046743,-7911.308334135175,-7911.308334135175,-7911.308334135175,-20299.28563791157,-20299.28563791157,-20299.28563791157,0.0,0.0,0.0,68110.7872492607,2020-12-01,21771.230489135756,18392.669271126942,31876.096371950203,21765.439746941716,21777.099123832402,3300.132391973818,3300.132391973818,3300.132391973818,-862.5944713717541,-862.5944713717541,-862.5944713717541,4162.7268633455715,4162.7268633455715,4162.7268633455715,0.0,0.0,0.0,25071.362881109573
84,2021-01-01,44128.91458664377,-4549.95204061222,49825.23715345942,44126.22700557865,44131.61772970893,-20191.96147409184,-20191.96147409184,-20191.96147409184,-6826.216798033812,-6826.216798033812,-6826.216798033812,-13365.744676058035,-13365.744676058035,-13365.744676058035,0.0,0.0,0.0,23936.953112551928,96485.540185303,46177.153361647644,93136.70192326322,96447.33784559768,96517.25365922466,-27153.642709788597,-27153.642709788597,-27153.642709788597,4532.547295513011,4532.547295513011,4532.547295513011,-31686.19000530161,-31686.19000530161,-31686.19000530161,0.0,0.0,0.0,69331.89747551442,2021-01-01,21975.120531072975,16064.989474994893,29470.4690234266,21968.598483642803,21981.529516427156,972.3564219304307,972.3564219304307,972.3564219304307,514.41756027218,514.41756027218,514.41756027218,457.93886165825074,457.93886165825074,457.93886165825074,0.0,0.0,0.0,22947.476953003406
85,2021-02-01,44069.37273676706,-288.6383464531886,54199.543251647876,44066.4041954702,44072.29827756685,-17986.79779407961,-17986.79779407961,-17986.79779407961,2140.5827625876786,2140.5827625876786,2140.5827625876786,-20127.380556667293,-20127.380556667293,-20127.380556667293,0.0,0.0,0.0,26082.574942687446,96649.69914929855,65137.27829607426,111097.58654334908,96607.54887693188,96684.4664062562,-7337.09865707932,-7337.09865707932,-7337.09865707932,13582.971647053175,13582.971647053175,13582.971647053175,-20920.070304132492,-20920.070304132492,-20920.070304132492,0.0,0.0,0.0,89312.60049221924,2021-02-01,22179.010573010197,14741.374176404568,28151.81906097121,22171.91342374415,22186.1076101116,-455.7798022930723,-455.7798022930723,-455.7798022930723,918.851505853326,918.851505853326,918.851505853326,-1374.6313081463982,-1374.6313081463982,-1374.6313081463982,0.0,0.0,0.0,21723.230770717124
86,2021-03-01,44015.59300139455,-21480.466557470307,31546.14506075295,44012.417483961144,44018.73677340478,-38180.91096837371,-38180.91096837371,-38180.91096837371,2140.582762590242,2140.582762590242,2140.582762590242,-40321.493730963964,-40321.493730963964,-40321.493730963964,0.0,0.0,0.0,5834.682033020836,96797.97176193971,56848.18324592033,106429.17909539459,96753.38928932261,96836.27928619382,-15771.482805973532,-15771.482805973532,-15771.482805973532,13582.971647053917,13582.971647053917,13582.971647053917,-29354.454453027447,-29354.454453027447,-29354.454453027447,0.0,0.0,0.0,81026.48895596618,2021-03-01,22363.1693205664,12234.502501869249,25806.708047280503,22355.54033244312,22370.732458359176,-3484.9427843912977,-3484.9427843912977,-3484.9427843912977,918.8515058529889,918.8515058529889,918.8515058529889,-4403.7942902442865,-4403.7942902442865,-4403.7942902442865,0.0,0.0,0.0,18878.226536175105
87,2021-04-01,43956.05115151784,-30131.369718258622,27347.587076015174,43952.61966464401,43959.41673030702,-45838.39925631488,-45838.39925631488,-45838.39925631488,-1639.3490903809627,-1639.3490903809627,-1639.3490903809627,-44199.05016593393,-44199.05016593393,-44199.05016593393,0.0,0.0,0.0,-1882.3481047970417,96962.13072593526,46584.05202961942,95093.88024627419,96913.90818715806,97003.22128938226,-26779.473158814748,-26779.473158814748,-26779.473158814748,-6115.498818860498,-6115.498818860498,-6115.498818860498,-20663.97433995425,-20663.97433995425,-20663.97433995425,0.0,0.0,0.0,70182.6575671205,2021-04-01,22567.059362503616,9854.281383485568,22635.49101368757,22558.76808792061,22575.35673308366,-6300.334276529587,-6300.334276529587,-6300.334276529587,-1540.2975475388678,-1540.2975475388678,-1540.2975475388678,-4760.036728990719,-4760.036728990719,-4760.036728990719,0.0,0.0,0.0,16266.725085974029
88,2021-05-01,43898.430006475865,-12577.976081064991,40656.31706180647,43894.80623306309,43901.99394610014,-29416.129925255816,-29416.129925255816,-29416.129925255816,10607.244153685193,10607.244153685193,10607.244153685193,-40023.37407894101,-40023.37407894101,-40023.37407894101,0.0,0.0,0.0,14482.300081220048,97120.99423947935,89621.45804586209,141672.02552119663,97069.72549561707,97165.24801426737,18897.98007941095,18897.98007941095,18897.98007941095,-524.0176765310456,-524.0176765310456,-524.0176765310456,19421.997755941997,19421.997755941997,19421.997755941997,0.0,0.0,0.0,116018.9743188903,2021-05-01,22764.372306313835,10743.171489568724,24322.253366297187,22755.430266391966,22773.13009427053,-5544.708273450155,-5544.708273450155,-5544.708273450155,212.7726816975658,212.7726816975658,212.7726816975658,-5757.48095514772,-5757.48095514772,-5757.48095514772,0.0,0.0,0.0,17219.66403286368
89,2021-06-01,43838.888156599154,57753.58197066738,109038.6470277923,43834.90357804916,43842.66968766737,39565.79574256456,39565.79574256456,39565.79574256456,5470.4079671289355,5470.4079671289355,5470.4079671289355,34095.38777543563,34095.38777543563,34095.38777543563,0.0,0.0,0.0,83404.6838991637,97285.1532034749,56747.34442709387,103905.84538344294,97230.72876981607,97332.72145499723,-17620.559851602207,-17620.559851602207,-17620.559851602207,-7911.30833411454,-7911.30833411454,-7911.30833411454,-9709.251517487666,-9709.251517487666,-9709.251517487666,0.0,0.0,0.0,79664.5933518727,2021-06-01,22968.26234825106,9846.189533543158,22879.571200222348,22958.667846188982,22977.801585818685,-6642.383379771982,-6642.383379771982,-6642.383379771982,-862.5944713679178,-862.5944713679178,-862.5944713679178,-5779.788908404064,-5779.788908404064,-5779.788908404064,0.0,0.0,0.0,16325.878968479079
90,2021-07-01,43781.267011557175,86313.66760019166,140940.57302480697,43777.0431516201,43785.264959631764,69551.28132394957,69551.28132394957,69551.28132394957,-1639.34909038886,-1639.34909038886,-1639.34909038886,71190.63041433845,71190.63041433845,71190.63041433845,0.0,0.0,0.0,113332.54833550676,97444.01671701897,56963.37944980035,103960.94606389376,97387.21557635556,97494.95496442636,-17343.019429476804,-17343.019429476804,-17343.019429476804,-6115.498818887294,-6115.498818887294,-6115.498818887294,-11227.520610589509,-11227.520610589509,-11227.520610589509,0.0,0.0,0.0,80100.99728754217,2021-07-01,23165.575292061272,9094.791596752168,22343.991086456517,23155.344338136212,23175.68568151576,-7508.82963356741,-7508.82963356741,-7508.82963356741,-1540.2975475395567,-1540.2975475395567,-1540.2975475395567,-5968.5320860278525,-5968.5320860278525,-5968.5320860278525,0.0,0.0,0.0,15656.745658493863
91,2021-08-01,43721.725161680464,61441.303111365814,114599.62121746108,43717.23593217107,43726.07439049027,44253.441192409584,44253.441192409584,44253.441192409584,212.5164420742213,212.5164420742213,212.5164420742213,44040.92475033536,44040.92475033536,44040.92475033536,0.0,0.0,0.0,87975.16635409005,97608.17568101453,90469.70270224173,137265.8871541562,97547.67925347637,97663.62088471896,15611.148225658566,15611.148225658566,15611.148225658566,57.50870184792666,57.50870184792666,57.50870184792666,15553.639523810642,15553.639523810642,15553.639523810642,0.0,0.0,0.0,113219.32390667309,2021-08-01,23369.465333998494,14237.152824923152,27387.360457299645,23358.744648261127,23380.26380817377,-2472.675031065104,-2472.675031065104,-2472.675031065104,218.6139513446414,218.6139513446414,218.6139513446414,-2691.288982409745,-2691.288982409745,-2691.288982409745,0.0,0.0,0.0,20896.79030293339
92,2021-09-01,43662.18331180376,59912.11986546602,116835.10521609927,43657.400558966634,43666.7475507297,44789.80694346001,44789.80694346001,44789.80694346001,-9965.18543708144,-9965.18543708144,-9965.18543708144,54754.99238054145,54754.99238054145,54754.99238054145,0.0,0.0,0.0,88451.99025526378,97772.33464501008,129141.00389354042,179061.12889951735,97706.19269474979,97830.685681906,56521.838455695135,56521.838455695135,56521.838455695135,-3622.202814833149,-3622.202814833149,-3622.202814833149,60144.04127052829,60144.04127052829,60144.04127052829,0.0,0.0,0.0,154294.1731007052,2021-09-01,23573.355375935716,25842.891567978746,39510.792898619424,23561.87961767063,23584.855687699153,8954.063832813814,8954.063832813814,8954.063832813814,538.2363197467948,538.2363197467948,538.2363197467948,8415.827513067017,8415.827513067017,8415.827513067017,0.0,0.0,0.0,32527.419208749532
93,2021-10-01,43604.562166761774,40646.80207830045,93120.51932133973,43599.50669534486,43609.392913655676,24248.236637010352,24248.236637010352,24248.236637010352,-6826.216798019822,-6826.216798019822,-6826.216798019822,31074.453435030173,31074.453435030173,31074.453435030173,0.0,0.0,0.0,67852.79880377212,97931.19815855418,114183.9526792838,162042.775429713,97861.01029664814,97993.73177614456,38792.24880470065,38792.24880470065,38792.24880470065,4532.54729547486,4532.54729547486,4532.54729547486,34259.701509225786,34259.701509225786,34259.701509225786,0.0,0.0,0.0,136723.44696325483,2021-10-01,23770.668319745928,28371.666344909438,41328.76618205313,23758.559176142702,23783.067401803317,10941.61468977923,10941.61468977923,10941.61468977923,514.4175602673977,514.4175602673977,514.4175602673977,10427.197129511833,10427.197129511833,10427.197129511833,0.0,0.0,0.0,34712.283009525156
94,2021-11-01,43545.02031688507,27081.230438001094,80838.48239432815,43539.69278003585,43550.12273399291,11009.741008523373,11009.741008523373,11009.741008523373,2140.5827625454613,2140.5827625454613,2140.5827625454613,8869.158245977911,8869.158245977911,8869.158245977911,0.0,0.0,0.0,54554.76132540844,98095.35712254973,107131.04197390817,153797.41421685764,98022.83665116371,98161.25900892045,32593.669687204616,32593.669687204616,32593.669687204616,13582.971647073158,13582.971647073158,13582.971647073158,19010.69804013145,19010.69804013145,19010.69804013145,0.0,0.0,0.0,130689.02680975434,2021-11-01,23974.558361683154,26892.3795172826,39992.96713603756,23961.84510960465,23987.819199376845,9720.720322154348,9720.720322154348,9720.720322154348,918.8515058582522,918.8515058582522,918.8515058582522,8801.868816296095,8801.868816296095,8801.868816296095,0.0,0.0,0.0,33695.2786838375
95,2021-12-01,43487.399171843084,-632.0790652247371,54417.77515424083,43481.75467055394,43492.8413006026,-16535.625106768344,-16535.625106768344,-16535.625106768344,-9965.185437058894,-9965.185437058894,-9965.185437058894,-6570.439669709451,-6570.439669709451,-6570.439669709451,0.0,0.0,0.0,26951.77406507474,98254.22063609381,54330.2781290734,104052.67021268042,98178.98800465773,98323.99528583665,-18494.943202680886,-18494.943202680886,-18494.943202680886,-3622.202814835587,-3622.202814835587,-3622.202814835587,-14872.740387845302,-14872.740387845302,-14872.740387845302,0.0,0.0,0.0,79759.27743341294,2021-12-01,24171.871305493365,21508.010007886074,35138.65883625942,24158.59616840987,24185.92550326143,3984.0574498976503,3984.0574498976503,3984.0574498976503,538.2363197480512,538.2363197480512,538.2363197480512,3445.821130149599,3445.821130149599,3445.821130149599,0.0,0.0,0.0,28155.928755391014
96,2022-01-01,43427.85732196638,6218.353314575522,60194.9114316201,43421.938770832334,43433.5368293729,-10588.913737800141,-10588.913737800141,-10588.913737800141,10607.244153687028,10607.244153687028,10607.244153687028,-21196.157891487168,-21196.157891487168,-21196.157891487168,0.0,0.0,0.0,32838.94358416624,98418.37960008936,42261.11178437769,90051.8144223547,98339.49382116924,98491.30693822325,-33445.51766362909,-33445.51766362909,-33445.51766362909,-524.0176765344485,-524.0176765344485,-524.0176765344485,-32921.49998709465,-32921.49998709465,-32921.49998709465,0.0,0.0,0.0,64972.86193646027,2022-01-01,24375.761347430587,18427.11854748479,32041.053641229282,24361.86303006328,24390.47324333645,814.2712842355768,814.2712842355768,814.2712842355768,212.7726816977175,212.7726816977175,212.7726816977175,601.4986025378594,601.4986025378594,601.4986025378594,0.0,0.0,0.0,25190.032631666163
97,2022-02-01,43368.31547208967,-7270.489779522911,46974.383461037694,43362.147020651355,43374.31732031037,-22591.619722645926,-22591.619722645926,-22591.619722645926,5470.407967122517,5470.407967122517,5470.407967122517,-28062.027689768445,-28062.027689768445,-28062.027689768445,0.0,0.0,0.0,20776.695749443745,98582.53856408491,40534.56741130594,90943.0392446057,98499.880235486,98659.34821781717,-33250.90131949521,-33250.90131949521,-33250.90131949521,-7911.308334134083,-7911.308334134083,-7911.308334134083,-25339.592985361123,-25339.592985361123,-25339.592985361123,0.0,0.0,0.0,65331.6372445897,2022-02-01,24579.65138936781,16046.61199778636,29628.766416790426,24564.924218026354,24595.016238613982,-2043.1318242580446,-2043.1318242580446,-2043.1318242580446,-862.5944713683948,-862.5944713683948,-862.5944713683948,-1180.5373528896498,-1180.5373528896498,-1180.5373528896498,0.0,0.0,0.0,22536.519565109764
98,2022-03-01,43314.53573671717,-19404.317492950504,36352.27464792404,43308.09913704403,43320.77144293572,-34671.95641958175,-34671.95641958175,-34671.95641958175,5470.40796712251,5470.40796712251,5470.40796712251,-40142.36438670426,-40142.36438670426,-40142.36438670426,0.0,0.0,0.0,8642.579317135416,98730.81117672607,38805.623442764016,86984.43445065201,98642.20346139073,98810.26721890525,-35402.30336022419,-35402.30336022419,-35402.30336022419,-7911.308334118473,-7911.308334118473,-7911.308334118473,-27490.995026105724,-27490.995026105724,-27490.995026105724,0.0,0.0,0.0,63328.50781650188,2022-03-01,24763.810136924014,14059.867410770317,27491.467750945892,24748.36601566842,24779.767608071852,-3619.270704204379,-3619.270704204379,-3619.270704204379,-862.5944713676688,-862.5944713676688,-862.5944713676688,-2756.6762328367104,-2756.6762328367104,-2756.6762328367104,0.0,0.0,0.0,21144.539432719634
99,2022-04-01,43254.99388684045,-32957.239759016935,20116.615458693224,43248.21496578153,43261.48918397829,-48252.466809048245,-48252.466809048245,-48252.466809048245,-6826.216798031932,-6826.216798031932,-6826.216798031932,-41426.25001101632,-41426.25001101632,-41426.25001101632,0.0,0.0,0.0,-4997.472922207795,98894.97014072163,67249.95007431615,112998.51436211084,98802.20134430334,98981.02535831582,-8788.339988195281,-8788.339988195281,-8788.339988195281,4532.5472954808265,4532.5472954808265,4532.5472954808265,-13320.88728367611,-13320.88728367611,-13320.88728367611,0.0,0.0,0.0,90106.63015252636,2022-04-01,24967.70017886123,13601.77722988834,26618.677402179135,24951.425790569032,24984.312104797234,-4776.230246735565,-4776.230246735565,-4776.230246735565,514.417560267067,514.417560267067,514.417560267067,-5290.647807002631,-5290.647807002631,-5290.647807002631,0.0,0.0,0.0,20191.469932125663
100,2022-05-01,43197.37274179848,-15757.07450784248,38722.686260249786,43190.3225912639,43204.18068561032,-33947.70879941229,-33947.70879941229,-33947.70879941229,212.51644206774205,212.51644206774205,212.51644206774205,-34160.225241480024,-34160.225241480024,-34160.225241480024,0.0,0.0,0.0,9249.663942386185,99053.8336542657,86643.71846029468,135867.1653316503,98957.69194037162,99144.27076847428,12182.013367417847,12182.013367417847,12182.013367417847,57.50870185547141,57.50870185547141,57.50870185547141,12124.504665562376,12124.504665562376,12124.504665562376,0.0,0.0,0.0,111235.84702168356,2022-05-01,25165.013122671447,11864.044450680114,24514.20892676254,25147.935216651214,25182.602223400576,-6772.048896967366,-6772.048896967366,-6772.048896967366,218.6139513454584,218.6139513454584,218.6139513454584,-6990.662848312823,-6990.662848312823,-6990.662848312823,0.0,0.0,0.0,18392.964225704083
101,2022-06-01,43137.83089192176,48692.03772559289,102901.4120760924,43130.52050971453,43145.012131284726,31928.84723115342,31928.84723115342,31928.84723115342,-9965.185437051361,-9965.185437051361,-9965.185437051361,41894.03266820478,41894.03266820478,41894.03266820478,0.0,0.0,0.0,75066.67812307518,99217.99261826125,61911.186259486894,111081.29191206064,99117.50611563944,99312.50645491717,-13194.132950046564,-13194.132950046564,-13194.132950046564,-3622.2028148157615,-3622.2028148157615,-3622.2028148157615,-9571.930135230801,-9571.930135230801,-9571.930135230801,0.0,0.0,0.0,86023.85966821469,2022-06-01,25368.903164608673,12860.856071496148,26929.778345247756,25350.996219869994,25387.54607593327,-5633.898860652961,-5633.898860652961,-5633.898860652961,538.2363197466735,538.2363197466735,538.2363197466735,-6172.135180399634,-6172.135180399634,-6172.135180399634,0.0,0.0,0.0,19735.004303955713
102,2022-07-01,43080.20974687979,76898.03673902557,131360.13970453097,43072.600299920916,43087.7524278981,60854.064634944356,60854.064634944356,60854.064634944356,-6826.216798018077,-6826.216798018077,-6826.216798018077,67680.28143296244,67680.28143296244,67680.28143296244,0.0,0.0,0.0,103934.27438182414,99376.85613180533,66092.51964743366,114115.1691594903,99273.06693412532,99473.69991923949,-9992.676771924887,-9992.676771924887,-9992.676771924887,4532.547295479332,4532.547295479332,4532.547295479332,-14525.22406740422,-14525.22406740422,-14525.22406740422,0.0,0.0,0.0,89384.17935988044,2022-07-01,25566.216108418885,13302.404947679743,26570.137419133094,25547.507396793753,25585.722084543035,-5654.455767937122,-5654.455767937122,-5654.455767937122,514.4175602683265,514.4175602683265,514.4175602683265,-6168.873328205449,-6168.873328205449,-6168.873328205449,0.0,0.0,0.0,19911.760340481764
103,2022-08-01,43020.66789700308,49521.516251376874,103950.10587522748,43012.64626906978,43028.688493351656,32918.60214812587,32918.60214812587,32918.60214812587,2140.5827626006285,2140.5827626006285,2140.5827626006285,30778.019385525244,30778.019385525244,30778.019385525244,0.0,0.0,0.0,75939.27004512894,99541.01509580089,110844.31680182977,159298.320205346,99432.61147932148,99643.55079904041,34913.10955404291,34913.10955404291,34913.10955404291,13582.971647045679,13582.971647045679,13582.971647045679,21330.137906997228,21330.137906997228,21330.137906997228,0.0,0.0,0.0,134454.12464984378,2022-08-01,25770.106150356107,18654.43990864271,31832.088807975284,25750.568619772694,25789.85542418454,-559.2267785168002,-559.2267785168002,-559.2267785168002,918.8515058518415,918.8515058518415,918.8515058518415,-1478.0782843686418,-1478.0782843686418,-1478.0782843686418,0.0,0.0,0.0,25210.879371839306
